Fips_ID,County,State,StateCode
01001,"Autauga",AL,01
01003,"Baldwin",AL,01
01005,"Barbour",AL,01
01007,"Bibb",AL,01
01009,"Blount",AL,01
01011,"Bullock",AL,01
01013,"Butler",AL,01
01015,"Calhoun",AL,01
01017,"Chambers",AL,01
01019,"Cherokee",AL,01
01021,"Chilton",AL,01
01023,"Choctaw",AL,01
01025,"Clarke",AL,01
01027,"Clay",AL,01
01029,"Cleburne",AL,01
01031,"Coffee",AL,01
01033,"Colbert",AL,01
01035,"Conecuh",AL,01
01037,"Coosa",AL,01
01039,"Covington",AL,01
01041,"Crenshaw",AL,01
01043,"Cullman",AL,01
01045,"Dale",AL,01
01047,"Dallas",AL,01
01049,"DeKalb",AL,01
01051,"Elmore",AL,01
01053,"Escambia",AL,01
01055,"Etowah",AL,01
01057,"Fayette",AL,01
01059,"Franklin",AL,01
01061,"Geneva",AL,01
01063,"Greene",AL,01
01065,"Hale",AL,01
01067,"Henry",AL,01
01069,"Houston",AL,01
01071,"Jackson",AL,01
01073,"Jefferson",AL,01
01075,"Lamar",AL,01
01077,"Lauderdale",AL,01
01079,"Lawrence",AL,01
01081,"Lee",AL,01
01083,"Limestone",AL,01
01085,"Lowndes",AL,01
01087,"Macon",AL,01
01089,"Madison",AL,01
01091,"Marengo",AL,01
01093,"Marion",AL,01
01095,"Marshall",AL,01
01097,"Mobile",AL,01
01099,"Monroe",AL,01
01101,"Montgomery",AL,01
01103,"Morgan",AL,01
01105,"Perry",AL,01
01107,"Pickens",AL,01
01109,"Pike",AL,01
01111,"Randolph",AL,01
01113,"Russell",AL,01
01115,"St. Clair",AL,01
01117,"Shelby",AL,01
01119,"Sumter",AL,01
01121,"Talladega",AL,01
01123,"Tallapoosa",AL,01
01125,"Tuscaloosa",AL,01
01127,"Walker",AL,01
01129,"Washington",AL,01
01131,"Wilcox",AL,01
01133,"Winston",AL,01
02013,"Aleutians East",AK,02
02016,"Aleutians West",AK,02
02020,"Anchorage",AK,02
02050,"Bethel",AK,02
02060,"Bristol Bay",AK,02
02068,"Denali",AK,02
02070,"Dillingham",AK,02
02090,"Fairbanks North Star",AK,02
02100,"Haines",AK,02
02105,"Hoonah-Angoon",AK,02
02110,"Juneau",AK,02
02122,"Kenai Peninsula",AK,02
02130,"Ketchikan Gateway",AK,02
02150,"Kodiak Island",AK,02
02158,"Kusilvak",AK,02
02164,"Lake and Peninsula",AK,02
02170,"Matanuska-Susitna",AK,02
02180,"Nome",AK,02
02185,"North Slope",AK,02
02188,"Northwest Arctic",AK,02
02195,"Petersburg",AK,02
02198,"Prince of Wales-Hyder",AK,02
02220,"Sitka",AK,02
02230,"Skagway",AK,02
02240,"Southeast Fairbanks",AK,02
02261,"Valdez-Cordova",AK,02
02275,"Wrangell",AK,02
02282,"Yakutat",AK,02
02290,"Yukon-Koyukuk",AK,02
04001,"Apache",AZ,04
04003,"Cochise",AZ,04
04005,"Coconino",AZ,04
04007,"Gila",AZ,04
04009,"Graham",AZ,04
04011,"Greenlee",AZ,04
04012,"La Paz",AZ,04
04013,"Maricopa",AZ,04
04015,"Mohave",AZ,04
04017,"Navajo",AZ,04
04019,"Pima",AZ,04
04021,"Pinal",AZ,04
04023,"Santa Cruz",AZ,04
04025,"Yavapai",AZ,04
04027,"Yuma",AZ,04
05001,"Arkansas",AR,05
05003,"Ashley",AR,05
05005,"Baxter",AR,05
05007,"Benton",AR,05
05009,"Boone",AR,05
05011,"Bradley",AR,05
05013,"Calhoun",AR,05
05015,"Carroll",AR,05
05017,"Chicot",AR,05
05019,"Clark",AR,05
05021,"Clay",AR,05
05023,"Cleburne",AR,05
05025,"Cleveland",AR,05
05027,"Columbia",AR,05
05029,"Conway",AR,05
05031,"Craighead",AR,05
05033,"Crawford",AR,05
05035,"Crittenden",AR,05
05037,"Cross",AR,05
05039,"Dallas",AR,05
05041,"Desha",AR,05
05043,"Drew",AR,05
05045,"Faulkner",AR,05
05047,"Franklin",AR,05
05049,"Fulton",AR,05
05051,"Garland",AR,05
05053,"Grant",AR,05
05055,"Greene",AR,05
05057,"Hempstead",AR,05
05059,"Hot Spring",AR,05
05061,"Howard",AR,05
05063,"Independence",AR,05
05065,"Izard",AR,05
05067,"Jackson",AR,05
05069,"Jefferson",AR,05
05071,"Johnson",AR,05
05073,"Lafayette",AR,05
05075,"Lawrence",AR,05
05077,"Lee",AR,05
05079,"Lincoln",AR,05
05081,"Little River",AR,05
05083,"Logan",AR,05
05085,"Lonoke",AR,05
05087,"Madison",AR,05
05089,"Marion",AR,05
05091,"Miller",AR,05
05093,"Mississippi",AR,05
05095,"Monroe",AR,05
05097,"Montgomery",AR,05
05099,"Nevada",AR,05
05101,"Newton",AR,05
05103,"Ouachita",AR,05
05105,"Perry",AR,05
05107,"Phillips",AR,05
05109,"Pike",AR,05
05111,"Poinsett",AR,05
05113,"Polk",AR,05
05115,"Pope",AR,05
05117,"Prairie",AR,05
05119,"Pulaski",AR,05
05121,"Randolph",AR,05
05123,"St. Francis",AR,05
05125,"Saline",AR,05
05127,"Scott",AR,05
05129,"Searcy",AR,05
05131,"Sebastian",AR,05
05133,"Sevier",AR,05
05135,"Sharp",AR,05
05137,"Stone",AR,05
05139,"Union",AR,05
05141,"Van Buren",AR,05
05143,"Washington",AR,05
05145,"White",AR,05
05147,"Woodruff",AR,05
05149,"Yell",AR,05
06001,"Alameda",CA,06
06003,"Alpine",CA,06
06005,"Amador",CA,06
06007,"Butte",CA,06
06009,"Calaveras",CA,06
06011,"Colusa",CA,06
06013,"Contra Costa",CA,06
06015,"Del Norte",CA,06
06017,"El Dorado",CA,06
06019,"Fresno",CA,06
06021,"Glenn",CA,06
06023,"Humboldt",CA,06
06025,"Imperial",CA,06
06027,"Inyo",CA,06
06029,"Kern",CA,06
06031,"Kings",CA,06
06033,"Lake",CA,06
06035,"Lassen",CA,06
06037,"Los Angeles",CA,06
06039,"Madera",CA,06
06041,"Marin",CA,06
06043,"Mariposa",CA,06
06045,"Mendocino",CA,06
06047,"Merced",CA,06
06049,"Modoc",CA,06
06051,"Mono",CA,06
06053,"Monterey",CA,06
06055,"Napa",CA,06
06057,"Nevada",CA,06
06059,"Orange",CA,06
06061,"Placer",CA,06
06063,"Plumas",CA,06
06065,"Riverside",CA,06
06067,"Sacramento",CA,06
06069,"San Benito",CA,06
06071,"San Bernardino",CA,06
06073,"San Diego",CA,06
06075,"San Francisco",CA,06
06077,"San Joaquin",CA,06
06079,"San Luis Obispo",CA,06
06081,"San Mateo",CA,06
06083,"Santa Barbara",CA,06
06085,"Santa Clara",CA,06
06087,"Santa Cruz",CA,06
06089,"Shasta",CA,06
06091,"Sierra",CA,06
06093,"Siskiyou",CA,06
06095,"Solano",CA,06
06097,"Sonoma",CA,06
06099,"Stanislaus",CA,06
06101,"Sutter",CA,06
06103,"Tehama",CA,06
06105,"Trinity",CA,06
06107,"Tulare",CA,06
06109,"Tuolumne",CA,06
06111,"Ventura",CA,06
06113,"Yolo",CA,06
06115,"Yuba",CA,06
08001,"Adams",CO,08
08003,"Alamosa",CO,08
08005,"Arapahoe",CO,08
08007,"Archuleta",CO,08
08009,"Baca",CO,08
08011,"Bent",CO,08
08013,"Boulder",CO,08
08014,"Broomfield",CO,08
08015,"Chaffee",CO,08
08017,"Cheyenne",CO,08
08019,"Clear Creek",CO,08
08021,"Conejos",CO,08
08023,"Costilla",CO,08
08025,"Crowley",CO,08
08027,"Custer",CO,08
08029,"Delta",CO,08
08031,"Denver",CO,08
08033,"Dolores",CO,08
08035,"Douglas",CO,08
08037,"Eagle",CO,08
08039,"Elbert",CO,08
08041,"El Paso",CO,08
08043,"Fremont",CO,08
08045,"Garfield",CO,08
08047,"Gilpin",CO,08
08049,"Grand",CO,08
08051,"Gunnison",CO,08
08053,"Hinsdale",CO,08
08055,"Huerfano",CO,08
08057,"Jackson",CO,08
08059,"Jefferson",CO,08
08061,"Kiowa",CO,08
08063,"Kit Carson",CO,08
08065,"Lake",CO,08
08067,"La Plata",CO,08
08069,"Larimer",CO,08
08071,"Las Animas",CO,08
08073,"Lincoln",CO,08
08075,"Logan",CO,08
08077,"Mesa",CO,08
08079,"Mineral",CO,08
08081,"Moffat",CO,08
08083,"Montezuma",CO,08
08085,"Montrose",CO,08
08087,"Morgan",CO,08
08089,"Otero",CO,08
08091,"Ouray",CO,08
08093,"Park",CO,08
08095,"Phillips",CO,08
08097,"Pitkin",CO,08
08099,"Prowers",CO,08
08101,"Pueblo",CO,08
08103,"Rio Blanco",CO,08
08105,"Rio Grande",CO,08
08107,"Routt",CO,08
08109,"Saguache",CO,08
08111,"San Juan",CO,08
08113,"San Miguel",CO,08
08115,"Sedgwick",CO,08
08117,"Summit",CO,08
08119,"Teller",CO,08
08121,"Washington",CO,08
08123,"Weld",CO,08
08125,"Yuma",CO,08
09001,"Fairfield",CT,09
09003,"Hartford",CT,09
09005,"Litchfield",CT,09
09007,"Middlesex",CT,09
09009,"New Haven",CT,09
09011,"New London",CT,09
09013,"Tolland",CT,09
09015,"Windham",CT,09
10001,"Kent",DE,10
10003,"New Castle",DE,10
10005,"Sussex",DE,10
11001,"District of Columbia",DC,11
12001,"Alachua",FL,12
12003,"Baker",FL,12
12005,"Bay",FL,12
12007,"Bradford",FL,12
12009,"Brevard",FL,12
12011,"Broward",FL,12
12013,"Calhoun",FL,12
12015,"Charlotte",FL,12
12017,"Citrus",FL,12
12019,"Clay",FL,12
12021,"Collier",FL,12
12023,"Columbia",FL,12
12027,"DeSoto",FL,12
12029,"Dixie",FL,12
12031,"Duval",FL,12
12033,"Escambia",FL,12
12035,"Flagler",FL,12
12037,"Franklin",FL,12
12039,"Gadsden",FL,12
12041,"Gilchrist",FL,12
12043,"Glades",FL,12
12045,"Gulf",FL,12
12047,"Hamilton",FL,12
12049,"Hardee",FL,12
12051,"Hendry",FL,12
12053,"Hernando",FL,12
12055,"Highlands",FL,12
12057,"Hillsborough",FL,12
12059,"Holmes",FL,12
12061,"Indian River",FL,12
12063,"Jackson",FL,12
12065,"Jefferson",FL,12
12067,"Lafayette",FL,12
12069,"Lake",FL,12
12071,"Lee",FL,12
12073,"Leon",FL,12
12075,"Levy",FL,12
12077,"Liberty",FL,12
12079,"Madison",FL,12
12081,"Manatee",FL,12
12083,"Marion",FL,12
12085,"Martin",FL,12
12086,"Miami-Dade",FL,12
12087,"Monroe",FL,12
12089,"Nassau",FL,12
12091,"Okaloosa",FL,12
12093,"Okeechobee",FL,12
12095,"Orange",FL,12
12097,"Osceola",FL,12
12099,"Palm Beach",FL,12
12101,"Pasco",FL,12
12103,"Pinellas",FL,12
12105,"Polk",FL,12
12107,"Putnam",FL,12
12109,"St. Johns",FL,12
12111,"St. Lucie",FL,12
12113,"Santa Rosa",FL,12
12115,"Sarasota",FL,12
12117,"Seminole",FL,12
12119,"Sumter",FL,12
12121,"Suwannee",FL,12
12123,"Taylor",FL,12
12125,"Union",FL,12
12127,"Volusia",FL,12
12129,"Wakulla",FL,12
12131,"Walton",FL,12
12133,"Washington",FL,12
13001,"Appling",GA,13
13003,"Atkinson",GA,13
13005,"Bacon",GA,13
13007,"Baker",GA,13
13009,"Baldwin",GA,13
13011,"Banks",GA,13
13013,"Barrow",GA,13
13015,"Bartow",GA,13
13017,"Ben Hill",GA,13
13019,"Berrien",GA,13
13021,"Bibb",GA,13
13023,"Bleckley",GA,13
13025,"Brantley",GA,13
13027,"Brooks",GA,13
13029,"Bryan",GA,13
13031,"Bulloch",GA,13
13033,"Burke",GA,13
13035,"Butts",GA,13
13037,"Calhoun",GA,13
13039,"Camden",GA,13
13043,"Candler",GA,13
13045,"Carroll",GA,13
13047,"Catoosa",GA,13
13049,"Charlton",GA,13
13051,"Chatham",GA,13
13053,"Chattahoochee",GA,13
13055,"Chattooga",GA,13
13057,"Cherokee",GA,13
13059,"Clarke",GA,13
13061,"Clay",GA,13
13063,"Clayton",GA,13
13065,"Clinch",GA,13
13067,"Cobb",GA,13
13069,"Coffee",GA,13
13071,"Colquitt",GA,13
13073,"Columbia",GA,13
13075,"Cook",GA,13
13077,"Coweta",GA,13
13079,"Crawford",GA,13
13081,"Crisp",GA,13
13083,"Dade",GA,13
13085,"Dawson",GA,13
13087,"Decatur",GA,13
13089,"DeKalb",GA,13
13091,"Dodge",GA,13
13093,"Dooly",GA,13
13095,"Dougherty",GA,13
13097,"Douglas",GA,13
13099,"Early",GA,13
13101,"Echols",GA,13
13103,"Effingham",GA,13
13105,"Elbert",GA,13
13107,"Emanuel",GA,13
13109,"Evans",GA,13
13111,"Fannin",GA,13
13113,"Fayette",GA,13
13115,"Floyd",GA,13
13117,"Forsyth",GA,13
13119,"Franklin",GA,13
13121,"Fulton",GA,13
13123,"Gilmer",GA,13
13125,"Glascock",GA,13
13127,"Glynn",GA,13
13129,"Gordon",GA,13
13131,"Grady",GA,13
13133,"Greene",GA,13
13135,"Gwinnett",GA,13
13137,"Habersham",GA,13
13139,"Hall",GA,13
13141,"Hancock",GA,13
13143,"Haralson",GA,13
13145,"Harris",GA,13
13147,"Hart",GA,13
13149,"Heard",GA,13
13151,"Henry",GA,13
13153,"Houston",GA,13
13155,"Irwin",GA,13
13157,"Jackson",GA,13
13159,"Jasper",GA,13
13161,"Jeff Davis",GA,13
13163,"Jefferson",GA,13
13165,"Jenkins",GA,13
13167,"Johnson",GA,13
13169,"Jones",GA,13
13171,"Lamar",GA,13
13173,"Lanier",GA,13
13175,"Laurens",GA,13
13177,"Lee",GA,13
13179,"Liberty",GA,13
13181,"Lincoln",GA,13
13183,"Long",GA,13
13185,"Lowndes",GA,13
13187,"Lumpkin",GA,13
13189,"McDuffie",GA,13
13191,"McIntosh",GA,13
13193,"Macon",GA,13
13195,"Madison",GA,13
13197,"Marion",GA,13
13199,"Meriwether",GA,13
13201,"Miller",GA,13
13205,"Mitchell",GA,13
13207,"Monroe",GA,13
13209,"Montgomery",GA,13
13211,"Morgan",GA,13
13213,"Murray",GA,13
13215,"Muscogee",GA,13
13217,"Newton",GA,13
13219,"Oconee",GA,13
13221,"Oglethorpe",GA,13
13223,"Paulding",GA,13
13225,"Peach",GA,13
13227,"Pickens",GA,13
13229,"Pierce",GA,13
13231,"Pike",GA,13
13233,"Polk",GA,13
13235,"Pulaski",GA,13
13237,"Putnam",GA,13
13239,"Quitman",GA,13
13241,"Rabun",GA,13
13243,"Randolph",GA,13
13245,"Richmond",GA,13
13247,"Rockdale",GA,13
13249,"Schley",GA,13
13251,"Screven",GA,13
13253,"Seminole",GA,13
13255,"Spalding",GA,13
13257,"Stephens",GA,13
13259,"Stewart",GA,13
13261,"Sumter",GA,13
13263,"Talbot",GA,13
13265,"Taliaferro",GA,13
13267,"Tattnall",GA,13
13269,"Taylor",GA,13
13271,"Telfair",GA,13
13273,"Terrell",GA,13
13275,"Thomas",GA,13
13277,"Tift",GA,13
13279,"Toombs",GA,13
13281,"Towns",GA,13
13283,"Treutlen",GA,13
13285,"Troup",GA,13
13287,"Turner",GA,13
13289,"Twiggs",GA,13
13291,"Union",GA,13
13293,"Upson",GA,13
13295,"Walker",GA,13
13297,"Walton",GA,13
13299,"Ware",GA,13
13301,"Warren",GA,13
13303,"Washington",GA,13
13305,"Wayne",GA,13
13307,"Webster",GA,13
13309,"Wheeler",GA,13
13311,"White",GA,13
13313,"Whitfield",GA,13
13315,"Wilcox",GA,13
13317,"Wilkes",GA,13
13319,"Wilkinson",GA,13
13321,"Worth",GA,13
15001,"Hawaii",HI,15
15003,"Honolulu",HI,15
15005,"Kalawao",HI,15
15007,"Kauai",HI,15
15009,"Maui",HI,15
16001,"Ada",ID,16
16003,"Adams",ID,16
16005,"Bannock",ID,16
16007,"Bear Lake",ID,16
16009,"Benewah",ID,16
16011,"Bingham",ID,16
16013,"Blaine",ID,16
16015,"Boise",ID,16
16017,"Bonner",ID,16
16019,"Bonneville",ID,16
16021,"Boundary",ID,16
16023,"Butte",ID,16
16025,"Camas",ID,16
16027,"Canyon",ID,16
16029,"Caribou",ID,16
16031,"Cassia",ID,16
16033,"Clark",ID,16
16035,"Clearwater",ID,16
16037,"Custer",ID,16
16039,"Elmore",ID,16
16041,"Franklin",ID,16
16043,"Fremont",ID,16
16045,"Gem",ID,16
16047,"Gooding",ID,16
16049,"Idaho",ID,16
16051,"Jefferson",ID,16
16053,"Jerome",ID,16
16055,"Kootenai",ID,16
16057,"Latah",ID,16
16059,"Lemhi",ID,16
16061,"Lewis",ID,16
16063,"Lincoln",ID,16
16065,"Madison",ID,16
16067,"Minidoka",ID,16
16069,"Nez Perce",ID,16
16071,"Oneida",ID,16
16073,"Owyhee",ID,16
16075,"Payette",ID,16
16077,"Power",ID,16
16079,"Shoshone",ID,16
16081,"Teton",ID,16
16083,"Twin Falls",ID,16
16085,"Valley",ID,16
16087,"Washington",ID,16
17001,"Adams",IL,17
17003,"Alexander",IL,17
17005,"Bond",IL,17
17007,"Boone",IL,17
17009,"Brown",IL,17
17011,"Bureau",IL,17
17013,"Calhoun",IL,17
17015,"Carroll",IL,17
17017,"Cass",IL,17
17019,"Champaign",IL,17
17021,"Christian",IL,17
17023,"Clark",IL,17
17025,"Clay",IL,17
17027,"Clinton",IL,17
17029,"Coles",IL,17
17031,"Cook",IL,17
17033,"Crawford",IL,17
17035,"Cumberland",IL,17
17037,"DeKalb",IL,17
17039,"De Witt",IL,17
17041,"Douglas",IL,17
17043,"DuPage",IL,17
17045,"Edgar",IL,17
17047,"Edwards",IL,17
17049,"Effingham",IL,17
17051,"Fayette",IL,17
17053,"Ford",IL,17
17055,"Franklin",IL,17
17057,"Fulton",IL,17
17059,"Gallatin",IL,17
17061,"Greene",IL,17
17063,"Grundy",IL,17
17065,"Hamilton",IL,17
17067,"Hancock",IL,17
17069,"Hardin",IL,17
17071,"Henderson",IL,17
17073,"Henry",IL,17
17075,"Iroquois",IL,17
17077,"Jackson",IL,17
17079,"Jasper",IL,17
17081,"Jefferson",IL,17
17083,"Jersey",IL,17
17085,"Jo Daviess",IL,17
17087,"Johnson",IL,17
17089,"Kane",IL,17
17091,"Kankakee",IL,17
17093,"Kendall",IL,17
17095,"Knox",IL,17
17097,"Lake",IL,17
17099,"LaSalle",IL,17
17101,"Lawrence",IL,17
17103,"Lee",IL,17
17105,"Livingston",IL,17
17107,"Logan",IL,17
17109,"McDonough",IL,17
17111,"McHenry",IL,17
17113,"McLean",IL,17
17115,"Macon",IL,17
17117,"Macoupin",IL,17
17119,"Madison",IL,17
17121,"Marion",IL,17
17123,"Marshall",IL,17
17125,"Mason",IL,17
17127,"Massac",IL,17
17129,"Menard",IL,17
17131,"Mercer",IL,17
17133,"Monroe",IL,17
17135,"Montgomery",IL,17
17137,"Morgan",IL,17
17139,"Moultrie",IL,17
17141,"Ogle",IL,17
17143,"Peoria",IL,17
17145,"Perry",IL,17
17147,"Piatt",IL,17
17149,"Pike",IL,17
17151,"Pope",IL,17
17153,"Pulaski",IL,17
17155,"Putnam",IL,17
17157,"Randolph",IL,17
17159,"Richland",IL,17
17161,"Rock Island",IL,17
17163,"St. Clair",IL,17
17165,"Saline",IL,17
17167,"Sangamon",IL,17
17169,"Schuyler",IL,17
17171,"Scott",IL,17
17173,"Shelby",IL,17
17175,"Stark",IL,17
17177,"Stephenson",IL,17
17179,"Tazewell",IL,17
17181,"Union",IL,17
17183,"Vermilion",IL,17
17185,"Wabash",IL,17
17187,"Warren",IL,17
17189,"Washington",IL,17
17191,"Wayne",IL,17
17193,"White",IL,17
17195,"Whiteside",IL,17
17197,"Will",IL,17
17199,"Williamson",IL,17
17201,"Winnebago",IL,17
17203,"Woodford",IL,17
18001,"Adams",IN,18
18003,"Allen",IN,18
18005,"Bartholomew",IN,18
18007,"Benton",IN,18
18009,"Blackford",IN,18
18011,"Boone",IN,18
18013,"Brown",IN,18
18015,"Carroll",IN,18
18017,"Cass",IN,18
18019,"Clark",IN,18
18021,"Clay",IN,18
18023,"Clinton",IN,18
18025,"Crawford",IN,18
18027,"Daviess",IN,18
18029,"Dearborn",IN,18
18031,"Decatur",IN,18
18033,"DeKalb",IN,18
18035,"Delaware",IN,18
18037,"Dubois",IN,18
18039,"Elkhart",IN,18
18041,"Fayette",IN,18
18043,"Floyd",IN,18
18045,"Fountain",IN,18
18047,"Franklin",IN,18
18049,"Fulton",IN,18
18051,"Gibson",IN,18
18053,"Grant",IN,18
18055,"Greene",IN,18
18057,"Hamilton",IN,18
18059,"Hancock",IN,18
18061,"Harrison",IN,18
18063,"Hendricks",IN,18
18065,"Henry",IN,18
18067,"Howard",IN,18
18069,"Huntington",IN,18
18071,"Jackson",IN,18
18073,"Jasper",IN,18
18075,"Jay",IN,18
18077,"Jefferson",IN,18
18079,"Jennings",IN,18
18081,"Johnson",IN,18
18083,"Knox",IN,18
18085,"Kosciusko",IN,18
18087,"LaGrange",IN,18
18089,"Lake",IN,18
18091,"LaPorte",IN,18
18093,"Lawrence",IN,18
18095,"Madison",IN,18
18097,"Marion",IN,18
18099,"Marshall",IN,18
18101,"Martin",IN,18
18103,"Miami",IN,18
18105,"Monroe",IN,18
18107,"Montgomery",IN,18
18109,"Morgan",IN,18
18111,"Newton",IN,18
18113,"Noble",IN,18
18115,"Ohio",IN,18
18117,"Orange",IN,18
18119,"Owen",IN,18
18121,"Parke",IN,18
18123,"Perry",IN,18
18125,"Pike",IN,18
18127,"Porter",IN,18
18129,"Posey",IN,18
18131,"Pulaski",IN,18
18133,"Putnam",IN,18
18135,"Randolph",IN,18
18137,"Ripley",IN,18
18139,"Rush",IN,18
18141,"St. Joseph",IN,18
18143,"Scott",IN,18
18145,"Shelby",IN,18
18147,"Spencer",IN,18
18149,"Starke",IN,18
18151,"Steuben",IN,18
18153,"Sullivan",IN,18
18155,"Switzerland",IN,18
18157,"Tippecanoe",IN,18
18159,"Tipton",IN,18
18161,"Union",IN,18
18163,"Vanderburgh",IN,18
18165,"Vermillion",IN,18
18167,"Vigo",IN,18
18169,"Wabash",IN,18
18171,"Warren",IN,18
18173,"Warrick",IN,18
18175,"Washington",IN,18
18177,"Wayne",IN,18
18179,"Wells",IN,18
18181,"White",IN,18
18183,"Whitley",IN,18
19001,"Adair",IA,19
19003,"Adams",IA,19
19005,"Allamakee",IA,19
19007,"Appanoose",IA,19
19009,"Audubon",IA,19
19011,"Benton",IA,19
19013,"Black Hawk",IA,19
19015,"Boone",IA,19
19017,"Bremer",IA,19
19019,"Buchanan",IA,19
19021,"Buena Vista",IA,19
19023,"Butler",IA,19
19025,"Calhoun",IA,19
19027,"Carroll",IA,19
19029,"Cass",IA,19
19031,"Cedar",IA,19
19033,"Cerro Gordo",IA,19
19035,"Cherokee",IA,19
19037,"Chickasaw",IA,19
19039,"Clarke",IA,19
19041,"Clay",IA,19
19043,"Clayton",IA,19
19045,"Clinton",IA,19
19047,"Crawford",IA,19
19049,"Dallas",IA,19
19051,"Davis",IA,19
19053,"Decatur",IA,19
19055,"Delaware",IA,19
19057,"Des Moines",IA,19
19059,"Dickinson",IA,19
19061,"Dubuque",IA,19
19063,"Emmet",IA,19
19065,"Fayette",IA,19
19067,"Floyd",IA,19
19069,"Franklin",IA,19
19071,"Fremont",IA,19
19073,"Greene",IA,19
19075,"Grundy",IA,19
19077,"Guthrie",IA,19
19079,"Hamilton",IA,19
19081,"Hancock",IA,19
19083,"Hardin",IA,19
19085,"Harrison",IA,19
19087,"Henry",IA,19
19089,"Howard",IA,19
19091,"Humboldt",IA,19
19093,"Ida",IA,19
19095,"Iowa",IA,19
19097,"Jackson",IA,19
19099,"Jasper",IA,19
19101,"Jefferson",IA,19
19103,"Johnson",IA,19
19105,"Jones",IA,19
19107,"Keokuk",IA,19
19109,"Kossuth",IA,19
19111,"Lee",IA,19
19113,"Linn",IA,19
19115,"Louisa",IA,19
19117,"Lucas",IA,19
19119,"Lyon",IA,19
19121,"Madison",IA,19
19123,"Mahaska",IA,19
19125,"Marion",IA,19
19127,"Marshall",IA,19
19129,"Mills",IA,19
19131,"Mitchell",IA,19
19133,"Monona",IA,19
19135,"Monroe",IA,19
19137,"Montgomery",IA,19
19139,"Muscatine",IA,19
19141,"O'Brien",IA,19
19143,"Osceola",IA,19
19145,"Page",IA,19
19147,"Palo Alto",IA,19
19149,"Plymouth",IA,19
19151,"Pocahontas",IA,19
19153,"Polk",IA,19
19155,"Pottawattamie",IA,19
19157,"Poweshiek",IA,19
19159,"Ringgold",IA,19
19161,"Sac",IA,19
19163,"Scott",IA,19
19165,"Shelby",IA,19
19167,"Sioux",IA,19
19169,"Story",IA,19
19171,"Tama",IA,19
19173,"Taylor",IA,19
19175,"Union",IA,19
19177,"Van Buren",IA,19
19179,"Wapello",IA,19
19181,"Warren",IA,19
19183,"Washington",IA,19
19185,"Wayne",IA,19
19187,"Webster",IA,19
19189,"Winnebago",IA,19
19191,"Winneshiek",IA,19
19193,"Woodbury",IA,19
19195,"Worth",IA,19
19197,"Wright",IA,19
20001,"Allen",KS,20
20003,"Anderson",KS,20
20005,"Atchison",KS,20
20007,"Barber",KS,20
20009,"Barton",KS,20
20011,"Bourbon",KS,20
20013,"Brown",KS,20
20015,"Butler",KS,20
20017,"Chase",KS,20
20019,"Chautauqua",KS,20
20021,"Cherokee",KS,20
20023,"Cheyenne",KS,20
20025,"Clark",KS,20
20027,"Clay",KS,20
20029,"Cloud",KS,20
20031,"Coffey",KS,20
20033,"Comanche",KS,20
20035,"Cowley",KS,20
20037,"Crawford",KS,20
20039,"Decatur",KS,20
20041,"Dickinson",KS,20
20043,"Doniphan",KS,20
20045,"Douglas",KS,20
20047,"Edwards",KS,20
20049,"Elk",KS,20
20051,"Ellis",KS,20
20053,"Ellsworth",KS,20
20055,"Finney",KS,20
20057,"Ford",KS,20
20059,"Franklin",KS,20
20061,"Geary",KS,20
20063,"Gove",KS,20
20065,"Graham",KS,20
20067,"Grant",KS,20
20069,"Gray",KS,20
20071,"Greeley",KS,20
20073,"Greenwood",KS,20
20075,"Hamilton",KS,20
20077,"Harper",KS,20
20079,"Harvey",KS,20
20081,"Haskell",KS,20
20083,"Hodgeman",KS,20
20085,"Jackson",KS,20
20087,"Jefferson",KS,20
20089,"Jewell",KS,20
20091,"Johnson",KS,20
20093,"Kearny",KS,20
20095,"Kingman",KS,20
20097,"Kiowa",KS,20
20099,"Labette",KS,20
20101,"Lane",KS,20
20103,"Leavenworth",KS,20
20105,"Lincoln",KS,20
20107,"Linn",KS,20
20109,"Logan",KS,20
20111,"Lyon",KS,20
20113,"McPherson",KS,20
20115,"Marion",KS,20
20117,"Marshall",KS,20
20119,"Meade",KS,20
20121,"Miami",KS,20
20123,"Mitchell",KS,20
20125,"Montgomery",KS,20
20127,"Morris",KS,20
20129,"Morton",KS,20
20131,"Nemaha",KS,20
20133,"Neosho",KS,20
20135,"Ness",KS,20
20137,"Norton",KS,20
20139,"Osage",KS,20
20141,"Osborne",KS,20
20143,"Ottawa",KS,20
20145,"Pawnee",KS,20
20147,"Phillips",KS,20
20149,"Pottawatomie",KS,20
20151,"Pratt",KS,20
20153,"Rawlins",KS,20
20155,"Reno",KS,20
20157,"Republic",KS,20
20159,"Rice",KS,20
20161,"Riley",KS,20
20163,"Rooks",KS,20
20165,"Rush",KS,20
20167,"Russell",KS,20
20169,"Saline",KS,20
20171,"Scott",KS,20
20173,"Sedgwick",KS,20
20175,"Seward",KS,20
20177,"Shawnee",KS,20
20179,"Sheridan",KS,20
20181,"Sherman",KS,20
20183,"Smith",KS,20
20185,"Stafford",KS,20
20187,"Stanton",KS,20
20189,"Stevens",KS,20
20191,"Sumner",KS,20
20193,"Thomas",KS,20
20195,"Trego",KS,20
20197,"Wabaunsee",KS,20
20199,"Wallace",KS,20
20201,"Washington",KS,20
20203,"Wichita",KS,20
20205,"Wilson",KS,20
20207,"Woodson",KS,20
20209,"Wyandotte",KS,20
21001,"Adair",KY,21
21003,"Allen",KY,21
21005,"Anderson",KY,21
21007,"Ballard",KY,21
21009,"Barren",KY,21
21011,"Bath",KY,21
21013,"Bell",KY,21
21015,"Boone",KY,21
21017,"Bourbon",KY,21
21019,"Boyd",KY,21
21021,"Boyle",KY,21
21023,"Bracken",KY,21
21025,"Breathitt",KY,21
21027,"Breckinridge",KY,21
21029,"Bullitt",KY,21
21031,"Butler",KY,21
21033,"Caldwell",KY,21
21035,"Calloway",KY,21
21037,"Campbell",KY,21
21039,"Carlisle",KY,21
21041,"Carroll",KY,21
21043,"Carter",KY,21
21045,"Casey",KY,21
21047,"Christian",KY,21
21049,"Clark",KY,21
21051,"Clay",KY,21
21053,"Clinton",KY,21
21055,"Crittenden",KY,21
21057,"Cumberland",KY,21
21059,"Daviess",KY,21
21061,"Edmonson",KY,21
21063,"Elliott",KY,21
21065,"Estill",KY,21
21067,"Fayette",KY,21
21069,"Fleming",KY,21
21071,"Floyd",KY,21
21073,"Franklin",KY,21
21075,"Fulton",KY,21
21077,"Gallatin",KY,21
21079,"Garrard",KY,21
21081,"Grant",KY,21
21083,"Graves",KY,21
21085,"Grayson",KY,21
21087,"Green",KY,21
21089,"Greenup",KY,21
21091,"Hancock",KY,21
21093,"Hardin",KY,21
21095,"Harlan",KY,21
21097,"Harrison",KY,21
21099,"Hart",KY,21
21101,"Henderson",KY,21
21103,"Henry",KY,21
21105,"Hickman",KY,21
21107,"Hopkins",KY,21
21109,"Jackson",KY,21
21111,"Jefferson",KY,21
21113,"Jessamine",KY,21
21115,"Johnson",KY,21
21117,"Kenton",KY,21
21119,"Knott",KY,21
21121,"Knox",KY,21
21123,"Larue",KY,21
21125,"Laurel",KY,21
21127,"Lawrence",KY,21
21129,"Lee",KY,21
21131,"Leslie",KY,21
21133,"Letcher",KY,21
21135,"Lewis",KY,21
21137,"Lincoln",KY,21
21139,"Livingston",KY,21
21141,"Logan",KY,21
21143,"Lyon",KY,21
21145,"McCracken",KY,21
21147,"McCreary",KY,21
21149,"McLean",KY,21
21151,"Madison",KY,21
21153,"Magoffin",KY,21
21155,"Marion",KY,21
21157,"Marshall",KY,21
21159,"Martin",KY,21
21161,"Mason",KY,21
21163,"Meade",KY,21
21165,"Menifee",KY,21
21167,"Mercer",KY,21
21169,"Metcalfe",KY,21
21171,"Monroe",KY,21
21173,"Montgomery",KY,21
21175,"Morgan",KY,21
21177,"Muhlenberg",KY,21
21179,"Nelson",KY,21
21181,"Nicholas",KY,21
21183,"Ohio",KY,21
21185,"Oldham",KY,21
21187,"Owen",KY,21
21189,"Owsley",KY,21
21191,"Pendleton",KY,21
21193,"Perry",KY,21
21195,"Pike",KY,21
21197,"Powell",KY,21
21199,"Pulaski",KY,21
21201,"Robertson",KY,21
21203,"Rockcastle",KY,21
21205,"Rowan",KY,21
21207,"Russell",KY,21
21209,"Scott",KY,21
21211,"Shelby",KY,21
21213,"Simpson",KY,21
21215,"Spencer",KY,21
21217,"Taylor",KY,21
21219,"Todd",KY,21
21221,"Trigg",KY,21
21223,"Trimble",KY,21
21225,"Union",KY,21
21227,"Warren",KY,21
21229,"Washington",KY,21
21231,"Wayne",KY,21
21233,"Webster",KY,21
21235,"Whitley",KY,21
21237,"Wolfe",KY,21
21239,"Woodford",KY,21
22001,"Acadia",LA,22
22003,"Allen",LA,22
22005,"Ascension",LA,22
22007,"Assumption",LA,22
22009,"Avoyelles",LA,22
22011,"Beauregard",LA,22
22013,"Bienville",LA,22
22015,"Bossier",LA,22
22017,"Caddo",LA,22
22019,"Calcasieu",LA,22
22021,"Caldwell",LA,22
22023,"Cameron",LA,22
22025,"Catahoula",LA,22
22027,"Claiborne",LA,22
22029,"Concordia",LA,22
22031,"De Soto",LA,22
22033,"East Baton Rouge",LA,22
22035,"East Carroll",LA,22
22037,"East Feliciana",LA,22
22039,"Evangeline",LA,22
22041,"Franklin",LA,22
22043,"Grant",LA,22
22045,"Iberia",LA,22
22047,"Iberville",LA,22
22049,"Jackson",LA,22
22051,"Jefferson",LA,22
22053,"Jefferson Davis",LA,22
22055,"Lafayette",LA,22
22057,"Lafourche",LA,22
22059,"LaSalle",LA,22
22061,"Lincoln",LA,22
22063,"Livingston",LA,22
22065,"Madison",LA,22
22067,"Morehouse",LA,22
22069,"Natchitoches",LA,22
22071,"Orleans",LA,22
22073,"Ouachita",LA,22
22075,"Plaquemines",LA,22
22077,"Pointe Coupee",LA,22
22079,"Rapides",LA,22
22081,"Red River",LA,22
22083,"Richland",LA,22
22085,"Sabine",LA,22
22087,"St. Bernard",LA,22
22089,"St. Charles",LA,22
22091,"St. Helena",LA,22
22093,"St. James",LA,22
22095,"St. John the Baptist",LA,22
22097,"St. Landry",LA,22
22099,"St. Martin",LA,22
22101,"St. Mary",LA,22
22103,"St. Tammany",LA,22
22105,"Tangipahoa",LA,22
22107,"Tensas",LA,22
22109,"Terrebonne",LA,22
22111,"Union",LA,22
22113,"Vermilion",LA,22
22115,"Vernon",LA,22
22117,"Washington",LA,22
22119,"Webster",LA,22
22121,"West Baton Rouge",LA,22
22123,"West Carroll",LA,22
22125,"West Feliciana",LA,22
22127,"Winn",LA,22
23001,"Androscoggin",ME,23
23003,"Aroostook",ME,23
23005,"Cumberland",ME,23
23007,"Franklin",ME,23
23009,"Hancock",ME,23
23011,"Kennebec",ME,23
23013,"Knox",ME,23
23015,"Lincoln",ME,23
23017,"Oxford",ME,23
23019,"Penobscot",ME,23
23021,"Piscataquis",ME,23
23023,"Sagadahoc",ME,23
23025,"Somerset",ME,23
23027,"Waldo",ME,23
23029,"Washington",ME,23
23031,"York",ME,23
24001,"Allegany",MD,24
24003,"Anne Arundel",MD,24
24005,"Baltimore",MD,24
24009,"Calvert",MD,24
24011,"Caroline",MD,24
24013,"Carroll",MD,24
24015,"Cecil",MD,24
24017,"Charles",MD,24
24019,"Dorchester",MD,24
24021,"Frederick",MD,24
24023,"Garrett",MD,24
24025,"Harford",MD,24
24027,"Howard",MD,24
24029,"Kent",MD,24
24031,"Montgomery",MD,24
24033,"Prince George's",MD,24
24035,"Queen Anne's",MD,24
24037,"St. Mary's",MD,24
24039,"Somerset",MD,24
24041,"Talbot",MD,24
24043,"Washington",MD,24
24045,"Wicomico",MD,24
24047,"Worcester",MD,24
24510,"Baltimore",MD,24
25001,"Barnstable",MA,25
25003,"Berkshire",MA,25
25005,"Bristol",MA,25
25007,"Dukes",MA,25
25009,"Essex",MA,25
25011,"Franklin",MA,25
25013,"Hampden",MA,25
25015,"Hampshire",MA,25
25017,"Middlesex",MA,25
25019,"Nantucket",MA,25
25021,"Norfolk",MA,25
25023,"Plymouth",MA,25
25025,"Suffolk",MA,25
25027,"Worcester",MA,25
26001,"Alcona",MI,26
26003,"Alger",MI,26
26005,"Allegan",MI,26
26007,"Alpena",MI,26
26009,"Antrim",MI,26
26011,"Arenac",MI,26
26013,"Baraga",MI,26
26015,"Barry",MI,26
26017,"Bay",MI,26
26019,"Benzie",MI,26
26021,"Berrien",MI,26
26023,"Branch",MI,26
26025,"Calhoun",MI,26
26027,"Cass",MI,26
26029,"Charlevoix",MI,26
26031,"Cheboygan",MI,26
26033,"Chippewa",MI,26
26035,"Clare",MI,26
26037,"Clinton",MI,26
26039,"Crawford",MI,26
26041,"Delta",MI,26
26043,"Dickinson",MI,26
26045,"Eaton",MI,26
26047,"Emmet",MI,26
26049,"Genesee",MI,26
26051,"Gladwin",MI,26
26053,"Gogebic",MI,26
26055,"Grand Traverse",MI,26
26057,"Gratiot",MI,26
26059,"Hillsdale",MI,26
26061,"Houghton",MI,26
26063,"Huron",MI,26
26065,"Ingham",MI,26
26067,"Ionia",MI,26
26069,"Iosco",MI,26
26071,"Iron",MI,26
26073,"Isabella",MI,26
26075,"Jackson",MI,26
26077,"Kalamazoo",MI,26
26079,"Kalkaska",MI,26
26081,"Kent",MI,26
26083,"Keweenaw",MI,26
26085,"Lake",MI,26
26087,"Lapeer",MI,26
26089,"Leelanau",MI,26
26091,"Lenawee",MI,26
26093,"Livingston",MI,26
26095,"Luce",MI,26
26097,"Mackinac",MI,26
26099,"Macomb",MI,26
26101,"Manistee",MI,26
26103,"Marquette",MI,26
26105,"Mason",MI,26
26107,"Mecosta",MI,26
26109,"Menominee",MI,26
26111,"Midland",MI,26
26113,"Missaukee",MI,26
26115,"Monroe",MI,26
26117,"Montcalm",MI,26
26119,"Montmorency",MI,26
26121,"Muskegon",MI,26
26123,"Newaygo",MI,26
26125,"Oakland",MI,26
26127,"Oceana",MI,26
26129,"Ogemaw",MI,26
26131,"Ontonagon",MI,26
26133,"Osceola",MI,26
26135,"Oscoda",MI,26
26137,"Otsego",MI,26
26139,"Ottawa",MI,26
26141,"Presque Isle",MI,26
26143,"Roscommon",MI,26
26145,"Saginaw",MI,26
26147,"St. Clair",MI,26
26149,"St. Joseph",MI,26
26151,"Sanilac",MI,26
26153,"Schoolcraft",MI,26
26155,"Shiawassee",MI,26
26157,"Tuscola",MI,26
26159,"Van Buren",MI,26
26161,"Washtenaw",MI,26
26163,"Wayne",MI,26
26165,"Wexford",MI,26
27001,"Aitkin",MN,27
27003,"Anoka",MN,27
27005,"Becker",MN,27
27007,"Beltrami",MN,27
27009,"Benton",MN,27
27011,"Big Stone",MN,27
27013,"Blue Earth",MN,27
27015,"Brown",MN,27
27017,"Carlton",MN,27
27019,"Carver",MN,27
27021,"Cass",MN,27
27023,"Chippewa",MN,27
27025,"Chisago",MN,27
27027,"Clay",MN,27
27029,"Clearwater",MN,27
27031,"Cook",MN,27
27033,"Cottonwood",MN,27
27035,"Crow Wing",MN,27
27037,"Dakota",MN,27
27039,"Dodge",MN,27
27041,"Douglas",MN,27
27043,"Faribault",MN,27
27045,"Fillmore",MN,27
27047,"Freeborn",MN,27
27049,"Goodhue",MN,27
27051,"Grant",MN,27
27053,"Hennepin",MN,27
27055,"Houston",MN,27
27057,"Hubbard",MN,27
27059,"Isanti",MN,27
27061,"Itasca",MN,27
27063,"Jackson",MN,27
27065,"Kanabec",MN,27
27067,"Kandiyohi",MN,27
27069,"Kittson",MN,27
27071,"Koochiching",MN,27
27073,"Lac qui Parle",MN,27
27075,"Lake",MN,27
27077,"Lake of the Woods",MN,27
27079,"Le Sueur",MN,27
27081,"Lincoln",MN,27
27083,"Lyon",MN,27
27085,"McLeod",MN,27
27087,"Mahnomen",MN,27
27089,"Marshall",MN,27
27091,"Martin",MN,27
27093,"Meeker",MN,27
27095,"Mille Lacs",MN,27
27097,"Morrison",MN,27
27099,"Mower",MN,27
27101,"Murray",MN,27
27103,"Nicollet",MN,27
27105,"Nobles",MN,27
27107,"Norman",MN,27
27109,"Olmsted",MN,27
27111,"Otter Tail",MN,27
27113,"Pennington",MN,27
27115,"Pine",MN,27
27117,"Pipestone",MN,27
27119,"Polk",MN,27
27121,"Pope",MN,27
27123,"Ramsey",MN,27
27125,"Red Lake",MN,27
27127,"Redwood",MN,27
27129,"Renville",MN,27
27131,"Rice",MN,27
27133,"Rock",MN,27
27135,"Roseau",MN,27
27137,"St. Louis",MN,27
27139,"Scott",MN,27
27141,"Sherburne",MN,27
27143,"Sibley",MN,27
27145,"Stearns",MN,27
27147,"Steele",MN,27
27149,"Stevens",MN,27
27151,"Swift",MN,27
27153,"Todd",MN,27
27155,"Traverse",MN,27
27157,"Wabasha",MN,27
27159,"Wadena",MN,27
27161,"Waseca",MN,27
27163,"Washington",MN,27
27165,"Watonwan",MN,27
27167,"Wilkin",MN,27
27169,"Winona",MN,27
27171,"Wright",MN,27
27173,"Yellow Medicine",MN,27
28001,"Adams",MS,28
28003,"Alcorn",MS,28
28005,"Amite",MS,28
28007,"Attala",MS,28
28009,"Benton",MS,28
28011,"Bolivar",MS,28
28013,"Calhoun",MS,28
28015,"Carroll",MS,28
28017,"Chickasaw",MS,28
28019,"Choctaw",MS,28
28021,"Claiborne",MS,28
28023,"Clarke",MS,28
28025,"Clay",MS,28
28027,"Coahoma",MS,28
28029,"Copiah",MS,28
28031,"Covington",MS,28
28033,"DeSoto",MS,28
28035,"Forrest",MS,28
28037,"Franklin",MS,28
28039,"George",MS,28
28041,"Greene",MS,28
28043,"Grenada",MS,28
28045,"Hancock",MS,28
28047,"Harrison",MS,28
28049,"Hinds",MS,28
28051,"Holmes",MS,28
28053,"Humphreys",MS,28
28055,"Issaquena",MS,28
28057,"Itawamba",MS,28
28059,"Jackson",MS,28
28061,"Jasper",MS,28
28063,"Jefferson",MS,28
28065,"Jefferson Davis",MS,28
28067,"Jones",MS,28
28069,"Kemper",MS,28
28071,"Lafayette",MS,28
28073,"Lamar",MS,28
28075,"Lauderdale",MS,28
28077,"Lawrence",MS,28
28079,"Leake",MS,28
28081,"Lee",MS,28
28083,"Leflore",MS,28
28085,"Lincoln",MS,28
28087,"Lowndes",MS,28
28089,"Madison",MS,28
28091,"Marion",MS,28
28093,"Marshall",MS,28
28095,"Monroe",MS,28
28097,"Montgomery",MS,28
28099,"Neshoba",MS,28
28101,"Newton",MS,28
28103,"Noxubee",MS,28
28105,"Oktibbeha",MS,28
28107,"Panola",MS,28
28109,"Pearl River",MS,28
28111,"Perry",MS,28
28113,"Pike",MS,28
28115,"Pontotoc",MS,28
28117,"Prentiss",MS,28
28119,"Quitman",MS,28
28121,"Rankin",MS,28
28123,"Scott",MS,28
28125,"Sharkey",MS,28
28127,"Simpson",MS,28
28129,"Smith",MS,28
28131,"Stone",MS,28
28133,"Sunflower",MS,28
28135,"Tallahatchie",MS,28
28137,"Tate",MS,28
28139,"Tippah",MS,28
28141,"Tishomingo",MS,28
28143,"Tunica",MS,28
28145,"Union",MS,28
28147,"Walthall",MS,28
28149,"Warren",MS,28
28151,"Washington",MS,28
28153,"Wayne",MS,28
28155,"Webster",MS,28
28157,"Wilkinson",MS,28
28159,"Winston",MS,28
28161,"Yalobusha",MS,28
28163,"Yazoo",MS,28
29001,"Adair",MO,29
29003,"Andrew",MO,29
29005,"Atchison",MO,29
29007,"Audrain",MO,29
29009,"Barry",MO,29
29011,"Barton",MO,29
29013,"Bates",MO,29
29015,"Benton",MO,29
29017,"Bollinger",MO,29
29019,"Boone",MO,29
29021,"Buchanan",MO,29
29023,"Butler",MO,29
29025,"Caldwell",MO,29
29027,"Callaway",MO,29
29029,"Camden",MO,29
29031,"Cape Girardeau",MO,29
29033,"Carroll",MO,29
29035,"Carter",MO,29
29037,"Cass",MO,29
29039,"Cedar",MO,29
29041,"Chariton",MO,29
29043,"Christian",MO,29
29045,"Clark",MO,29
29047,"Clay",MO,29
29049,"Clinton",MO,29
29051,"Cole",MO,29
29053,"Cooper",MO,29
29055,"Crawford",MO,29
29057,"Dade",MO,29
29059,"Dallas",MO,29
29061,"Daviess",MO,29
29063,"DeKalb",MO,29
29065,"Dent",MO,29
29067,"Douglas",MO,29
29069,"Dunklin",MO,29
29071,"Franklin",MO,29
29073,"Gasconade",MO,29
29075,"Gentry",MO,29
29077,"Greene",MO,29
29079,"Grundy",MO,29
29081,"Harrison",MO,29
29083,"Henry",MO,29
29085,"Hickory",MO,29
29087,"Holt",MO,29
29089,"Howard",MO,29
29091,"Howell",MO,29
29093,"Iron",MO,29
29095,"Jackson",MO,29
29097,"Jasper",MO,29
29099,"Jefferson",MO,29
29101,"Johnson",MO,29
29103,"Knox",MO,29
29105,"Laclede",MO,29
29107,"Lafayette",MO,29
29109,"Lawrence",MO,29
29111,"Lewis",MO,29
29113,"Lincoln",MO,29
29115,"Linn",MO,29
29117,"Livingston",MO,29
29119,"McDonald",MO,29
29121,"Macon",MO,29
29123,"Madison",MO,29
29125,"Maries",MO,29
29127,"Marion",MO,29
29129,"Mercer",MO,29
29131,"Miller",MO,29
29133,"Mississippi",MO,29
29135,"Moniteau",MO,29
29137,"Monroe",MO,29
29139,"Montgomery",MO,29
29141,"Morgan",MO,29
29143,"New Madrid",MO,29
29145,"Newton",MO,29
29147,"Nodaway",MO,29
29149,"Oregon",MO,29
29151,"Osage",MO,29
29153,"Ozark",MO,29
29155,"Pemiscot",MO,29
29157,"Perry",MO,29
29159,"Pettis",MO,29
29161,"Phelps",MO,29
29163,"Pike",MO,29
29165,"Platte",MO,29
29167,"Polk",MO,29
29169,"Pulaski",MO,29
29171,"Putnam",MO,29
29173,"Ralls",MO,29
29175,"Randolph",MO,29
29177,"Ray",MO,29
29179,"Reynolds",MO,29
29181,"Ripley",MO,29
29183,"St. Charles",MO,29
29185,"St. Clair",MO,29
29186,"Ste. Genevieve",MO,29
29187,"St. Francois",MO,29
29189,"St. Louis",MO,29
29195,"Saline",MO,29
29197,"Schuyler",MO,29
29199,"Scotland",MO,29
29201,"Scott",MO,29
29203,"Shannon",MO,29
29205,"Shelby",MO,29
29207,"Stoddard",MO,29
29209,"Stone",MO,29
29211,"Sullivan",MO,29
29213,"Taney",MO,29
29215,"Texas",MO,29
29217,"Vernon",MO,29
29219,"Warren",MO,29
29221,"Washington",MO,29
29223,"Wayne",MO,29
29225,"Webster",MO,29
29227,"Worth",MO,29
29229,"Wright",MO,29
29510,"St. Louis",MO,29
30001,"Beaverhead",MT,30
30003,"Big Horn",MT,30
30005,"Blaine",MT,30
30007,"Broadwater",MT,30
30009,"Carbon",MT,30
30011,"Carter",MT,30
30013,"Cascade",MT,30
30015,"Chouteau",MT,30
30017,"Custer",MT,30
30019,"Daniels",MT,30
30021,"Dawson",MT,30
30023,"Deer Lodge",MT,30
30025,"Fallon",MT,30
30027,"Fergus",MT,30
30029,"Flathead",MT,30
30031,"Gallatin",MT,30
30033,"Garfield",MT,30
30035,"Glacier",MT,30
30037,"Golden Valley",MT,30
30039,"Granite",MT,30
30041,"Hill",MT,30
30043,"Jefferson",MT,30
30045,"Judith Basin",MT,30
30047,"Lake",MT,30
30049,"Lewis and Clark",MT,30
30051,"Liberty",MT,30
30053,"Lincoln",MT,30
30055,"McCone",MT,30
30057,"Madison",MT,30
30059,"Meagher",MT,30
30061,"Mineral",MT,30
30063,"Missoula",MT,30
30065,"Musselshell",MT,30
30067,"Park",MT,30
30069,"Petroleum",MT,30
30071,"Phillips",MT,30
30073,"Pondera",MT,30
30075,"Powder River",MT,30
30077,"Powell",MT,30
30079,"Prairie",MT,30
30081,"Ravalli",MT,30
30083,"Richland",MT,30
30085,"Roosevelt",MT,30
30087,"Rosebud",MT,30
30089,"Sanders",MT,30
30091,"Sheridan",MT,30
30093,"Silver Bow",MT,30
30095,"Stillwater",MT,30
30097,"Sweet Grass",MT,30
30099,"Teton",MT,30
30101,"Toole",MT,30
30103,"Treasure",MT,30
30105,"Valley",MT,30
30107,"Wheatland",MT,30
30109,"Wibaux",MT,30
30111,"Yellowstone",MT,30
31001,"Adams",NE,31
31003,"Antelope",NE,31
31005,"Arthur",NE,31
31007,"Banner",NE,31
31009,"Blaine",NE,31
31011,"Boone",NE,31
31013,"Box Butte",NE,31
31015,"Boyd",NE,31
31017,"Brown",NE,31
31019,"Buffalo",NE,31
31021,"Burt",NE,31
31023,"Butler",NE,31
31025,"Cass",NE,31
31027,"Cedar",NE,31
31029,"Chase",NE,31
31031,"Cherry",NE,31
31033,"Cheyenne",NE,31
31035,"Clay",NE,31
31037,"Colfax",NE,31
31039,"Cuming",NE,31
31041,"Custer",NE,31
31043,"Dakota",NE,31
31045,"Dawes",NE,31
31047,"Dawson",NE,31
31049,"Deuel",NE,31
31051,"Dixon",NE,31
31053,"Dodge",NE,31
31055,"Douglas",NE,31
31057,"Dundy",NE,31
31059,"Fillmore",NE,31
31061,"Franklin",NE,31
31063,"Frontier",NE,31
31065,"Furnas",NE,31
31067,"Gage",NE,31
31069,"Garden",NE,31
31071,"Garfield",NE,31
31073,"Gosper",NE,31
31075,"Grant",NE,31
31077,"Greeley",NE,31
31079,"Hall",NE,31
31081,"Hamilton",NE,31
31083,"Harlan",NE,31
31085,"Hayes",NE,31
31087,"Hitchcock",NE,31
31089,"Holt",NE,31
31091,"Hooker",NE,31
31093,"Howard",NE,31
31095,"Jefferson",NE,31
31097,"Johnson",NE,31
31099,"Kearney",NE,31
31101,"Keith",NE,31
31103,"Keya Paha",NE,31
31105,"Kimball",NE,31
31107,"Knox",NE,31
31109,"Lancaster",NE,31
31111,"Lincoln",NE,31
31113,"Logan",NE,31
31115,"Loup",NE,31
31117,"McPherson",NE,31
31119,"Madison",NE,31
31121,"Merrick",NE,31
31123,"Morrill",NE,31
31125,"Nance",NE,31
31127,"Nemaha",NE,31
31129,"Nuckolls",NE,31
31131,"Otoe",NE,31
31133,"Pawnee",NE,31
31135,"Perkins",NE,31
31137,"Phelps",NE,31
31139,"Pierce",NE,31
31141,"Platte",NE,31
31143,"Polk",NE,31
31145,"Red Willow",NE,31
31147,"Richardson",NE,31
31149,"Rock",NE,31
31151,"Saline",NE,31
31153,"Sarpy",NE,31
31155,"Saunders",NE,31
31157,"Scotts Bluff",NE,31
31159,"Seward",NE,31
31161,"Sheridan",NE,31
31163,"Sherman",NE,31
31165,"Sioux",NE,31
31167,"Stanton",NE,31
31169,"Thayer",NE,31
31171,"Thomas",NE,31
31173,"Thurston",NE,31
31175,"Valley",NE,31
31177,"Washington",NE,31
31179,"Wayne",NE,31
31181,"Webster",NE,31
31183,"Wheeler",NE,31
31185,"York",NE,31
32001,"Churchill",NV,32
32003,"Clark",NV,32
32005,"Douglas",NV,32
32007,"Elko",NV,32
32009,"Esmeralda",NV,32
32011,"Eureka",NV,32
32013,"Humboldt",NV,32
32015,"Lander",NV,32
32017,"Lincoln",NV,32
32019,"Lyon",NV,32
32021,"Mineral",NV,32
32023,"Nye",NV,32
32027,"Pershing",NV,32
32029,"Storey",NV,32
32031,"Washoe",NV,32
32033,"White Pine",NV,32
32510,"Carson City",NV,32
33001,"Belknap",NH,33
33003,"Carroll",NH,33
33005,"Cheshire",NH,33
33007,"Coos",NH,33
33009,"Grafton",NH,33
33011,"Hillsborough",NH,33
33013,"Merrimack",NH,33
33015,"Rockingham",NH,33
33017,"Strafford",NH,33
33019,"Sullivan",NH,33
34001,"Atlantic",NJ,34
34003,"Bergen",NJ,34
34005,"Burlington",NJ,34
34007,"Camden",NJ,34
34009,"Cape May",NJ,34
34011,"Cumberland",NJ,34
34013,"Essex",NJ,34
34015,"Gloucester",NJ,34
34017,"Hudson",NJ,34
34019,"Hunterdon",NJ,34
34021,"Mercer",NJ,34
34023,"Middlesex",NJ,34
34025,"Monmouth",NJ,34
34027,"Morris",NJ,34
34029,"Ocean",NJ,34
34031,"Passaic",NJ,34
34033,"Salem",NJ,34
34035,"Somerset",NJ,34
34037,"Sussex",NJ,34
34039,"Union",NJ,34
34041,"Warren",NJ,34
35001,"Bernalillo",NM,35
35003,"Catron",NM,35
35005,"Chaves",NM,35
35006,"Cibola",NM,35
35007,"Colfax",NM,35
35009,"Curry",NM,35
35011,"De Baca",NM,35
35013,"Do√±a Ana",NM,35
35015,"Eddy",NM,35
35017,"Grant",NM,35
35019,"Guadalupe",NM,35
35021,"Harding",NM,35
35023,"Hidalgo",NM,35
35025,"Lea",NM,35
35027,"Lincoln",NM,35
35028,"Los Alamos",NM,35
35029,"Luna",NM,35
35031,"McKinley",NM,35
35033,"Mora",NM,35
35035,"Otero",NM,35
35037,"Quay",NM,35
35039,"Rio Arriba",NM,35
35041,"Roosevelt",NM,35
35043,"Sandoval",NM,35
35045,"San Juan",NM,35
35047,"San Miguel",NM,35
35049,"Santa Fe",NM,35
35051,"Sierra",NM,35
35053,"Socorro",NM,35
35055,"Taos",NM,35
35057,"Torrance",NM,35
35059,"Union",NM,35
35061,"Valencia",NM,35
36001,"Albany",NY,36
36003,"Allegany",NY,36
36005,"Bronx",NY,36
36007,"Broome",NY,36
36009,"Cattaraugus",NY,36
36011,"Cayuga",NY,36
36013,"Chautauqua",NY,36
36015,"Chemung",NY,36
36017,"Chenango",NY,36
36019,"Clinton",NY,36
36021,"Columbia",NY,36
36023,"Cortland",NY,36
36025,"Delaware",NY,36
36027,"Dutchess",NY,36
36029,"Erie",NY,36
36031,"Essex",NY,36
36033,"Franklin",NY,36
36035,"Fulton",NY,36
36037,"Genesee",NY,36
36039,"Greene",NY,36
36041,"Hamilton",NY,36
36043,"Herkimer",NY,36
36045,"Jefferson",NY,36
36047,"Kings",NY,36
36049,"Lewis",NY,36
36051,"Livingston",NY,36
36053,"Madison",NY,36
36055,"Monroe",NY,36
36057,"Montgomery",NY,36
36059,"Nassau",NY,36
36061,"New York",NY,36
36063,"Niagara",NY,36
36065,"Oneida",NY,36
36067,"Onondaga",NY,36
36069,"Ontario",NY,36
36071,"Orange",NY,36
36073,"Orleans",NY,36
36075,"Oswego",NY,36
36077,"Otsego",NY,36
36079,"Putnam",NY,36
36081,"Queens",NY,36
36083,"Rensselaer",NY,36
36085,"Richmond",NY,36
36087,"Rockland",NY,36
36089,"St. Lawrence",NY,36
36091,"Saratoga",NY,36
36093,"Schenectady",NY,36
36095,"Schoharie",NY,36
36097,"Schuyler",NY,36
36099,"Seneca",NY,36
36101,"Steuben",NY,36
36103,"Suffolk",NY,36
36105,"Sullivan",NY,36
36107,"Tioga",NY,36
36109,"Tompkins",NY,36
36111,"Ulster",NY,36
36113,"Warren",NY,36
36115,"Washington",NY,36
36117,"Wayne",NY,36
36119,"Westchester",NY,36
36121,"Wyoming",NY,36
36123,"Yates",NY,36
37001,"Alamance",NC,37
37003,"Alexander",NC,37
37005,"Alleghany",NC,37
37007,"Anson",NC,37
37009,"Ashe",NC,37
37011,"Avery",NC,37
37013,"Beaufort",NC,37
37015,"Bertie",NC,37
37017,"Bladen",NC,37
37019,"Brunswick",NC,37
37021,"Buncombe",NC,37
37023,"Burke",NC,37
37025,"Cabarrus",NC,37
37027,"Caldwell",NC,37
37029,"Camden",NC,37
37031,"Carteret",NC,37
37033,"Caswell",NC,37
37035,"Catawba",NC,37
37037,"Chatham",NC,37
37039,"Cherokee",NC,37
37041,"Chowan",NC,37
37043,"Clay",NC,37
37045,"Cleveland",NC,37
37047,"Columbus",NC,37
37049,"Craven",NC,37
37051,"Cumberland",NC,37
37053,"Currituck",NC,37
37055,"Dare",NC,37
37057,"Davidson",NC,37
37059,"Davie",NC,37
37061,"Duplin",NC,37
37063,"Durham",NC,37
37065,"Edgecombe",NC,37
37067,"Forsyth",NC,37
37069,"Franklin",NC,37
37071,"Gaston",NC,37
37073,"Gates",NC,37
37075,"Graham",NC,37
37077,"Granville",NC,37
37079,"Greene",NC,37
37081,"Guilford",NC,37
37083,"Halifax",NC,37
37085,"Harnett",NC,37
37087,"Haywood",NC,37
37089,"Henderson",NC,37
37091,"Hertford",NC,37
37093,"Hoke",NC,37
37095,"Hyde",NC,37
37097,"Iredell",NC,37
37099,"Jackson",NC,37
37101,"Johnston",NC,37
37103,"Jones",NC,37
37105,"Lee",NC,37
37107,"Lenoir",NC,37
37109,"Lincoln",NC,37
37111,"McDowell",NC,37
37113,"Macon",NC,37
37115,"Madison",NC,37
37117,"Martin",NC,37
37119,"Mecklenburg",NC,37
37121,"Mitchell",NC,37
37123,"Montgomery",NC,37
37125,"Moore",NC,37
37127,"Nash",NC,37
37129,"New Hanover",NC,37
37131,"Northampton",NC,37
37133,"Onslow",NC,37
37135,"Orange",NC,37
37137,"Pamlico",NC,37
37139,"Pasquotank",NC,37
37141,"Pender",NC,37
37143,"Perquimans",NC,37
37145,"Person",NC,37
37147,"Pitt",NC,37
37149,"Polk",NC,37
37151,"Randolph",NC,37
37153,"Richmond",NC,37
37155,"Robeson",NC,37
37157,"Rockingham",NC,37
37159,"Rowan",NC,37
37161,"Rutherford",NC,37
37163,"Sampson",NC,37
37165,"Scotland",NC,37
37167,"Stanly",NC,37
37169,"Stokes",NC,37
37171,"Surry",NC,37
37173,"Swain",NC,37
37175,"Transylvania",NC,37
37177,"Tyrrell",NC,37
37179,"Union",NC,37
37181,"Vance",NC,37
37183,"Wake",NC,37
37185,"Warren",NC,37
37187,"Washington",NC,37
37189,"Watauga",NC,37
37191,"Wayne",NC,37
37193,"Wilkes",NC,37
37195,"Wilson",NC,37
37197,"Yadkin",NC,37
37199,"Yancey",NC,37
38001,"Adams",ND,38
38003,"Barnes",ND,38
38005,"Benson",ND,38
38007,"Billings",ND,38
38009,"Bottineau",ND,38
38011,"Bowman",ND,38
38013,"Burke",ND,38
38015,"Burleigh",ND,38
38017,"Cass",ND,38
38019,"Cavalier",ND,38
38021,"Dickey",ND,38
38023,"Divide",ND,38
38025,"Dunn",ND,38
38027,"Eddy",ND,38
38029,"Emmons",ND,38
38031,"Foster",ND,38
38033,"Golden Valley",ND,38
38035,"Grand Forks",ND,38
38037,"Grant",ND,38
38039,"Griggs",ND,38
38041,"Hettinger",ND,38
38043,"Kidder",ND,38
38045,"LaMoure",ND,38
38047,"Logan",ND,38
38049,"McHenry",ND,38
38051,"McIntosh",ND,38
38053,"McKenzie",ND,38
38055,"McLean",ND,38
38057,"Mercer",ND,38
38059,"Morton",ND,38
38061,"Mountrail",ND,38
38063,"Nelson",ND,38
38065,"Oliver",ND,38
38067,"Pembina",ND,38
38069,"Pierce",ND,38
38071,"Ramsey",ND,38
38073,"Ransom",ND,38
38075,"Renville",ND,38
38077,"Richland",ND,38
38079,"Rolette",ND,38
38081,"Sargent",ND,38
38083,"Sheridan",ND,38
38085,"Sioux",ND,38
38087,"Slope",ND,38
38089,"Stark",ND,38
38091,"Steele",ND,38
38093,"Stutsman",ND,38
38095,"Towner",ND,38
38097,"Traill",ND,38
38099,"Walsh",ND,38
38101,"Ward",ND,38
38103,"Wells",ND,38
38105,"Williams",ND,38
39001,"Adams",OH,39
39003,"Allen",OH,39
39005,"Ashland",OH,39
39007,"Ashtabula",OH,39
39009,"Athens",OH,39
39011,"Auglaize",OH,39
39013,"Belmont",OH,39
39015,"Brown",OH,39
39017,"Butler",OH,39
39019,"Carroll",OH,39
39021,"Champaign",OH,39
39023,"Clark",OH,39
39025,"Clermont",OH,39
39027,"Clinton",OH,39
39029,"Columbiana",OH,39
39031,"Coshocton",OH,39
39033,"Crawford",OH,39
39035,"Cuyahoga",OH,39
39037,"Darke",OH,39
39039,"Defiance",OH,39
39041,"Delaware",OH,39
39043,"Erie",OH,39
39045,"Fairfield",OH,39
39047,"Fayette",OH,39
39049,"Franklin",OH,39
39051,"Fulton",OH,39
39053,"Gallia",OH,39
39055,"Geauga",OH,39
39057,"Greene",OH,39
39059,"Guernsey",OH,39
39061,"Hamilton",OH,39
39063,"Hancock",OH,39
39065,"Hardin",OH,39
39067,"Harrison",OH,39
39069,"Henry",OH,39
39071,"Highland",OH,39
39073,"Hocking",OH,39
39075,"Holmes",OH,39
39077,"Huron",OH,39
39079,"Jackson",OH,39
39081,"Jefferson",OH,39
39083,"Knox",OH,39
39085,"Lake",OH,39
39087,"Lawrence",OH,39
39089,"Licking",OH,39
39091,"Logan",OH,39
39093,"Lorain",OH,39
39095,"Lucas",OH,39
39097,"Madison",OH,39
39099,"Mahoning",OH,39
39101,"Marion",OH,39
39103,"Medina",OH,39
39105,"Meigs",OH,39
39107,"Mercer",OH,39
39109,"Miami",OH,39
39111,"Monroe",OH,39
39113,"Montgomery",OH,39
39115,"Morgan",OH,39
39117,"Morrow",OH,39
39119,"Muskingum",OH,39
39121,"Noble",OH,39
39123,"Ottawa",OH,39
39125,"Paulding",OH,39
39127,"Perry",OH,39
39129,"Pickaway",OH,39
39131,"Pike",OH,39
39133,"Portage",OH,39
39135,"Preble",OH,39
39137,"Putnam",OH,39
39139,"Richland",OH,39
39141,"Ross",OH,39
39143,"Sandusky",OH,39
39145,"Scioto",OH,39
39147,"Seneca",OH,39
39149,"Shelby",OH,39
39151,"Stark",OH,39
39153,"Summit",OH,39
39155,"Trumbull",OH,39
39157,"Tuscarawas",OH,39
39159,"Union",OH,39
39161,"Van Wert",OH,39
39163,"Vinton",OH,39
39165,"Warren",OH,39
39167,"Washington",OH,39
39169,"Wayne",OH,39
39171,"Williams",OH,39
39173,"Wood",OH,39
39175,"Wyandot",OH,39
40001,"Adair",OK,40
40003,"Alfalfa",OK,40
40005,"Atoka",OK,40
40007,"Beaver",OK,40
40009,"Beckham",OK,40
40011,"Blaine",OK,40
40013,"Bryan",OK,40
40015,"Caddo",OK,40
40017,"Canadian",OK,40
40019,"Carter",OK,40
40021,"Cherokee",OK,40
40023,"Choctaw",OK,40
40025,"Cimarron",OK,40
40027,"Cleveland",OK,40
40029,"Coal",OK,40
40031,"Comanche",OK,40
40033,"Cotton",OK,40
40035,"Craig",OK,40
40037,"Creek",OK,40
40039,"Custer",OK,40
40041,"Delaware",OK,40
40043,"Dewey",OK,40
40045,"Ellis",OK,40
40047,"Garfield",OK,40
40049,"Garvin",OK,40
40051,"Grady",OK,40
40053,"Grant",OK,40
40055,"Greer",OK,40
40057,"Harmon",OK,40
40059,"Harper",OK,40
40061,"Haskell",OK,40
40063,"Hughes",OK,40
40065,"Jackson",OK,40
40067,"Jefferson",OK,40
40069,"Johnston",OK,40
40071,"Kay",OK,40
40073,"Kingfisher",OK,40
40075,"Kiowa",OK,40
40077,"Latimer",OK,40
40079,"Le Flore",OK,40
40081,"Lincoln",OK,40
40083,"Logan",OK,40
40085,"Love",OK,40
40087,"McClain",OK,40
40089,"McCurtain",OK,40
40091,"McIntosh",OK,40
40093,"Major",OK,40
40095,"Marshall",OK,40
40097,"Mayes",OK,40
40099,"Murray",OK,40
40101,"Muskogee",OK,40
40103,"Noble",OK,40
40105,"Nowata",OK,40
40107,"Okfuskee",OK,40
40109,"Oklahoma",OK,40
40111,"Okmulgee",OK,40
40113,"Osage",OK,40
40115,"Ottawa",OK,40
40117,"Pawnee",OK,40
40119,"Payne",OK,40
40121,"Pittsburg",OK,40
40123,"Pontotoc",OK,40
40125,"Pottawatomie",OK,40
40127,"Pushmataha",OK,40
40129,"Roger Mills",OK,40
40131,"Rogers",OK,40
40133,"Seminole",OK,40
40135,"Sequoyah",OK,40
40137,"Stephens",OK,40
40139,"Texas",OK,40
40141,"Tillman",OK,40
40143,"Tulsa",OK,40
40145,"Wagoner",OK,40
40147,"Washington",OK,40
40149,"Washita",OK,40
40151,"Woods",OK,40
40153,"Woodward",OK,40
41001,"Baker",OR,41
41003,"Benton",OR,41
41005,"Clackamas",OR,41
41007,"Clatsop",OR,41
41009,"Columbia",OR,41
41011,"Coos",OR,41
41013,"Crook",OR,41
41015,"Curry",OR,41
41017,"Deschutes",OR,41
41019,"Douglas",OR,41
41021,"Gilliam",OR,41
41023,"Grant",OR,41
41025,"Harney",OR,41
41027,"Hood River",OR,41
41029,"Jackson",OR,41
41031,"Jefferson",OR,41
41033,"Josephine",OR,41
41035,"Klamath",OR,41
41037,"Lake",OR,41
41039,"Lane",OR,41
41041,"Lincoln",OR,41
41043,"Linn",OR,41
41045,"Malheur",OR,41
41047,"Marion",OR,41
41049,"Morrow",OR,41
41051,"Multnomah",OR,41
41053,"Polk",OR,41
41055,"Sherman",OR,41
41057,"Tillamook",OR,41
41059,"Umatilla",OR,41
41061,"Union",OR,41
41063,"Wallowa",OR,41
41065,"Wasco",OR,41
41067,"Washington",OR,41
41069,"Wheeler",OR,41
41071,"Yamhill",OR,41
42001,"Adams",PA,42
42003,"Allegheny",PA,42
42005,"Armstrong",PA,42
42007,"Beaver",PA,42
42009,"Bedford",PA,42
42011,"Berks",PA,42
42013,"Blair",PA,42
42015,"Bradford",PA,42
42017,"Bucks",PA,42
42019,"Butler",PA,42
42021,"Cambria",PA,42
42023,"Cameron",PA,42
42025,"Carbon",PA,42
42027,"Centre",PA,42
42029,"Chester",PA,42
42031,"Clarion",PA,42
42033,"Clearfield",PA,42
42035,"Clinton",PA,42
42037,"Columbia",PA,42
42039,"Crawford",PA,42
42041,"Cumberland",PA,42
42043,"Dauphin",PA,42
42045,"Delaware",PA,42
42047,"Elk",PA,42
42049,"Erie",PA,42
42051,"Fayette",PA,42
42053,"Forest",PA,42
42055,"Franklin",PA,42
42057,"Fulton",PA,42
42059,"Greene",PA,42
42061,"Huntingdon",PA,42
42063,"Indiana",PA,42
42065,"Jefferson",PA,42
42067,"Juniata",PA,42
42069,"Lackawanna",PA,42
42071,"Lancaster",PA,42
42073,"Lawrence",PA,42
42075,"Lebanon",PA,42
42077,"Lehigh",PA,42
42079,"Luzerne",PA,42
42081,"Lycoming",PA,42
42083,"McKean",PA,42
42085,"Mercer",PA,42
42087,"Mifflin",PA,42
42089,"Monroe",PA,42
42091,"Montgomery",PA,42
42093,"Montour",PA,42
42095,"Northampton",PA,42
42097,"Northumberland",PA,42
42099,"Perry",PA,42
42101,"Philadelphia",PA,42
42103,"Pike",PA,42
42105,"Potter",PA,42
42107,"Schuylkill",PA,42
42109,"Snyder",PA,42
42111,"Somerset",PA,42
42113,"Sullivan",PA,42
42115,"Susquehanna",PA,42
42117,"Tioga",PA,42
42119,"Union",PA,42
42121,"Venango",PA,42
42123,"Warren",PA,42
42125,"Washington",PA,42
42127,"Wayne",PA,42
42129,"Westmoreland",PA,42
42131,"Wyoming",PA,42
42133,"York",PA,42
44001,"Bristol",RI,44
44003,"Kent",RI,44
44005,"Newport",RI,44
44007,"Providence",RI,44
44009,"Washington",RI,44
45001,"Abbeville",SC,45
45003,"Aiken",SC,45
45005,"Allendale",SC,45
45007,"Anderson",SC,45
45009,"Bamberg",SC,45
45011,"Barnwell",SC,45
45013,"Beaufort",SC,45
45015,"Berkeley",SC,45
45017,"Calhoun",SC,45
45019,"Charleston",SC,45
45021,"Cherokee",SC,45
45023,"Chester",SC,45
45025,"Chesterfield",SC,45
45027,"Clarendon",SC,45
45029,"Colleton",SC,45
45031,"Darlington",SC,45
45033,"Dillon",SC,45
45035,"Dorchester",SC,45
45037,"Edgefield",SC,45
45039,"Fairfield",SC,45
45041,"Florence",SC,45
45043,"Georgetown",SC,45
45045,"Greenville",SC,45
45047,"Greenwood",SC,45
45049,"Hampton",SC,45
45051,"Horry",SC,45
45053,"Jasper",SC,45
45055,"Kershaw",SC,45
45057,"Lancaster",SC,45
45059,"Laurens",SC,45
45061,"Lee",SC,45
45063,"Lexington",SC,45
45065,"McCormick",SC,45
45067,"Marion",SC,45
45069,"Marlboro",SC,45
45071,"Newberry",SC,45
45073,"Oconee",SC,45
45075,"Orangeburg",SC,45
45077,"Pickens",SC,45
45079,"Richland",SC,45
45081,"Saluda",SC,45
45083,"Spartanburg",SC,45
45085,"Sumter",SC,45
45087,"Union",SC,45
45089,"Williamsburg",SC,45
45091,"York",SC,45
46003,"Aurora",SD,46
46005,"Beadle",SD,46
46007,"Bennett",SD,46
46009,"Bon Homme",SD,46
46011,"Brookings",SD,46
46013,"Brown",SD,46
46015,"Brule",SD,46
46017,"Buffalo",SD,46
46019,"Butte",SD,46
46021,"Campbell",SD,46
46023,"Charles Mix",SD,46
46025,"Clark",SD,46
46027,"Clay",SD,46
46029,"Codington",SD,46
46031,"Corson",SD,46
46033,"Custer",SD,46
46035,"Davison",SD,46
46037,"Day",SD,46
46039,"Deuel",SD,46
46041,"Dewey",SD,46
46043,"Douglas",SD,46
46045,"Edmunds",SD,46
46047,"Fall River",SD,46
46049,"Faulk",SD,46
46051,"Grant",SD,46
46053,"Gregory",SD,46
46055,"Haakon",SD,46
46057,"Hamlin",SD,46
46059,"Hand",SD,46
46061,"Hanson",SD,46
46063,"Harding",SD,46
46065,"Hughes",SD,46
46067,"Hutchinson",SD,46
46069,"Hyde",SD,46
46071,"Jackson",SD,46
46073,"Jerauld",SD,46
46075,"Jones",SD,46
46077,"Kingsbury",SD,46
46079,"Lake",SD,46
46081,"Lawrence",SD,46
46083,"Lincoln",SD,46
46085,"Lyman",SD,46
46087,"McCook",SD,46
46089,"McPherson",SD,46
46091,"Marshall",SD,46
46093,"Meade",SD,46
46095,"Mellette",SD,46
46097,"Miner",SD,46
46099,"Minnehaha",SD,46
46101,"Moody",SD,46
46102,"Oglala Lakota",SD,46
46103,"Pennington",SD,46
46105,"Perkins",SD,46
46107,"Potter",SD,46
46109,"Roberts",SD,46
46111,"Sanborn",SD,46
46115,"Spink",SD,46
46117,"Stanley",SD,46
46119,"Sully",SD,46
46121,"Todd",SD,46
46123,"Tripp",SD,46
46125,"Turner",SD,46
46127,"Union",SD,46
46129,"Walworth",SD,46
46135,"Yankton",SD,46
46137,"Ziebach",SD,46
47001,"Anderson",TN,47
47003,"Bedford",TN,47
47005,"Benton",TN,47
47007,"Bledsoe",TN,47
47009,"Blount",TN,47
47011,"Bradley",TN,47
47013,"Campbell",TN,47
47015,"Cannon",TN,47
47017,"Carroll",TN,47
47019,"Carter",TN,47
47021,"Cheatham",TN,47
47023,"Chester",TN,47
47025,"Claiborne",TN,47
47027,"Clay",TN,47
47029,"Cocke",TN,47
47031,"Coffee",TN,47
47033,"Crockett",TN,47
47035,"Cumberland",TN,47
47037,"Davidson",TN,47
47039,"Decatur",TN,47
47041,"DeKalb",TN,47
47043,"Dickson",TN,47
47045,"Dyer",TN,47
47047,"Fayette",TN,47
47049,"Fentress",TN,47
47051,"Franklin",TN,47
47053,"Gibson",TN,47
47055,"Giles",TN,47
47057,"Grainger",TN,47
47059,"Greene",TN,47
47061,"Grundy",TN,47
47063,"Hamblen",TN,47
47065,"Hamilton",TN,47
47067,"Hancock",TN,47
47069,"Hardeman",TN,47
47071,"Hardin",TN,47
47073,"Hawkins",TN,47
47075,"Haywood",TN,47
47077,"Henderson",TN,47
47079,"Henry",TN,47
47081,"Hickman",TN,47
47083,"Houston",TN,47
47085,"Humphreys",TN,47
47087,"Jackson",TN,47
47089,"Jefferson",TN,47
47091,"Johnson",TN,47
47093,"Knox",TN,47
47095,"Lake",TN,47
47097,"Lauderdale",TN,47
47099,"Lawrence",TN,47
47101,"Lewis",TN,47
47103,"Lincoln",TN,47
47105,"Loudon",TN,47
47107,"McMinn",TN,47
47109,"McNairy",TN,47
47111,"Macon",TN,47
47113,"Madison",TN,47
47115,"Marion",TN,47
47117,"Marshall",TN,47
47119,"Maury",TN,47
47121,"Meigs",TN,47
47123,"Monroe",TN,47
47125,"Montgomery",TN,47
47127,"Moore",TN,47
47129,"Morgan",TN,47
47131,"Obion",TN,47
47133,"Overton",TN,47
47135,"Perry",TN,47
47137,"Pickett",TN,47
47139,"Polk",TN,47
47141,"Putnam",TN,47
47143,"Rhea",TN,47
47145,"Roane",TN,47
47147,"Robertson",TN,47
47149,"Rutherford",TN,47
47151,"Scott",TN,47
47153,"Sequatchie",TN,47
47155,"Sevier",TN,47
47157,"Shelby",TN,47
47159,"Smith",TN,47
47161,"Stewart",TN,47
47163,"Sullivan",TN,47
47165,"Sumner",TN,47
47167,"Tipton",TN,47
47169,"Trousdale",TN,47
47171,"Unicoi",TN,47
47173,"Union",TN,47
47175,"Van Buren",TN,47
47177,"Warren",TN,47
47179,"Washington",TN,47
47181,"Wayne",TN,47
47183,"Weakley",TN,47
47185,"White",TN,47
47187,"Williamson",TN,47
47189,"Wilson",TN,47
48001,"Anderson",TX,48
48003,"Andrews",TX,48
48005,"Angelina",TX,48
48007,"Aransas",TX,48
48009,"Archer",TX,48
48011,"Armstrong",TX,48
48013,"Atascosa",TX,48
48015,"Austin",TX,48
48017,"Bailey",TX,48
48019,"Bandera",TX,48
48021,"Bastrop",TX,48
48023,"Baylor",TX,48
48025,"Bee",TX,48
48027,"Bell",TX,48
48029,"Bexar",TX,48
48031,"Blanco",TX,48
48033,"Borden",TX,48
48035,"Bosque",TX,48
48037,"Bowie",TX,48
48039,"Brazoria",TX,48
48041,"Brazos",TX,48
48043,"Brewster",TX,48
48045,"Briscoe",TX,48
48047,"Brooks",TX,48
48049,"Brown",TX,48
48051,"Burleson",TX,48
48053,"Burnet",TX,48
48055,"Caldwell",TX,48
48057,"Calhoun",TX,48
48059,"Callahan",TX,48
48061,"Cameron",TX,48
48063,"Camp",TX,48
48065,"Carson",TX,48
48067,"Cass",TX,48
48069,"Castro",TX,48
48071,"Chambers",TX,48
48073,"Cherokee",TX,48
48075,"Childress",TX,48
48077,"Clay",TX,48
48079,"Cochran",TX,48
48081,"Coke",TX,48
48083,"Coleman",TX,48
48085,"Collin",TX,48
48087,"Collingsworth",TX,48
48089,"Colorado",TX,48
48091,"Comal",TX,48
48093,"Comanche",TX,48
48095,"Concho",TX,48
48097,"Cooke",TX,48
48099,"Coryell",TX,48
48101,"Cottle",TX,48
48103,"Crane",TX,48
48105,"Crockett",TX,48
48107,"Crosby",TX,48
48109,"Culberson",TX,48
48111,"Dallam",TX,48
48113,"Dallas",TX,48
48115,"Dawson",TX,48
48117,"Deaf Smith",TX,48
48119,"Delta",TX,48
48121,"Denton",TX,48
48123,"DeWitt",TX,48
48125,"Dickens",TX,48
48127,"Dimmit",TX,48
48129,"Donley",TX,48
48131,"Duval",TX,48
48133,"Eastland",TX,48
48135,"Ector",TX,48
48137,"Edwards",TX,48
48139,"Ellis",TX,48
48141,"El Paso",TX,48
48143,"Erath",TX,48
48145,"Falls",TX,48
48147,"Fannin",TX,48
48149,"Fayette",TX,48
48151,"Fisher",TX,48
48153,"Floyd",TX,48
48155,"Foard",TX,48
48157,"Fort Bend",TX,48
48159,"Franklin",TX,48
48161,"Freestone",TX,48
48163,"Frio",TX,48
48165,"Gaines",TX,48
48167,"Galveston",TX,48
48169,"Garza",TX,48
48171,"Gillespie",TX,48
48173,"Glasscock",TX,48
48175,"Goliad",TX,48
48177,"Gonzales",TX,48
48179,"Gray",TX,48
48181,"Grayson",TX,48
48183,"Gregg",TX,48
48185,"Grimes",TX,48
48187,"Guadalupe",TX,48
48189,"Hale",TX,48
48191,"Hall",TX,48
48193,"Hamilton",TX,48
48195,"Hansford",TX,48
48197,"Hardeman",TX,48
48199,"Hardin",TX,48
48201,"Harris",TX,48
48203,"Harrison",TX,48
48205,"Hartley",TX,48
48207,"Haskell",TX,48
48209,"Hays",TX,48
48211,"Hemphill",TX,48
48213,"Henderson",TX,48
48215,"Hidalgo",TX,48
48217,"Hill",TX,48
48219,"Hockley",TX,48
48221,"Hood",TX,48
48223,"Hopkins",TX,48
48225,"Houston",TX,48
48227,"Howard",TX,48
48229,"Hudspeth",TX,48
48231,"Hunt",TX,48
48233,"Hutchinson",TX,48
48235,"Irion",TX,48
48237,"Jack",TX,48
48239,"Jackson",TX,48
48241,"Jasper",TX,48
48243,"Jeff Davis",TX,48
48245,"Jefferson",TX,48
48247,"Jim Hogg",TX,48
48249,"Jim Wells",TX,48
48251,"Johnson",TX,48
48253,"Jones",TX,48
48255,"Karnes",TX,48
48257,"Kaufman",TX,48
48259,"Kendall",TX,48
48261,"Kenedy",TX,48
48263,"Kent",TX,48
48265,"Kerr",TX,48
48267,"Kimble",TX,48
48269,"King",TX,48
48271,"Kinney",TX,48
48273,"Kleberg",TX,48
48275,"Knox",TX,48
48277,"Lamar",TX,48
48279,"Lamb",TX,48
48281,"Lampasas",TX,48
48283,"La Salle",TX,48
48285,"Lavaca",TX,48
48287,"Lee",TX,48
48289,"Leon",TX,48
48291,"Liberty",TX,48
48293,"Limestone",TX,48
48295,"Lipscomb",TX,48
48297,"Live Oak",TX,48
48299,"Llano",TX,48
48301,"Loving",TX,48
48303,"Lubbock",TX,48
48305,"Lynn",TX,48
48307,"McCulloch",TX,48
48309,"McLennan",TX,48
48311,"McMullen",TX,48
48313,"Madison",TX,48
48315,"Marion",TX,48
48317,"Martin",TX,48
48319,"Mason",TX,48
48321,"Matagorda",TX,48
48323,"Maverick",TX,48
48325,"Medina",TX,48
48327,"Menard",TX,48
48329,"Midland",TX,48
48331,"Milam",TX,48
48333,"Mills",TX,48
48335,"Mitchell",TX,48
48337,"Montague",TX,48
48339,"Montgomery",TX,48
48341,"Moore",TX,48
48343,"Morris",TX,48
48345,"Motley",TX,48
48347,"Nacogdoches",TX,48
48349,"Navarro",TX,48
48351,"Newton",TX,48
48353,"Nolan",TX,48
48355,"Nueces",TX,48
48357,"Ochiltree",TX,48
48359,"Oldham",TX,48
48361,"Orange",TX,48
48363,"Palo Pinto",TX,48
48365,"Panola",TX,48
48367,"Parker",TX,48
48369,"Parmer",TX,48
48371,"Pecos",TX,48
48373,"Polk",TX,48
48375,"Potter",TX,48
48377,"Presidio",TX,48
48379,"Rains",TX,48
48381,"Randall",TX,48
48383,"Reagan",TX,48
48385,"Real",TX,48
48387,"Red River",TX,48
48389,"Reeves",TX,48
48391,"Refugio",TX,48
48393,"Roberts",TX,48
48395,"Robertson",TX,48
48397,"Rockwall",TX,48
48399,"Runnels",TX,48
48401,"Rusk",TX,48
48403,"Sabine",TX,48
48405,"San Augustine",TX,48
48407,"San Jacinto",TX,48
48409,"San Patricio",TX,48
48411,"San Saba",TX,48
48413,"Schleicher",TX,48
48415,"Scurry",TX,48
48417,"Shackelford",TX,48
48419,"Shelby",TX,48
48421,"Sherman",TX,48
48423,"Smith",TX,48
48425,"Somervell",TX,48
48427,"Starr",TX,48
48429,"Stephens",TX,48
48431,"Sterling",TX,48
48433,"Stonewall",TX,48
48435,"Sutton",TX,48
48437,"Swisher",TX,48
48439,"Tarrant",TX,48
48441,"Taylor",TX,48
48443,"Terrell",TX,48
48445,"Terry",TX,48
48447,"Throckmorton",TX,48
48449,"Titus",TX,48
48451,"Tom Green",TX,48
48453,"Travis",TX,48
48455,"Trinity",TX,48
48457,"Tyler",TX,48
48459,"Upshur",TX,48
48461,"Upton",TX,48
48463,"Uvalde",TX,48
48465,"Val Verde",TX,48
48467,"Van Zandt",TX,48
48469,"Victoria",TX,48
48471,"Walker",TX,48
48473,"Waller",TX,48
48475,"Ward",TX,48
48477,"Washington",TX,48
48479,"Webb",TX,48
48481,"Wharton",TX,48
48483,"Wheeler",TX,48
48485,"Wichita",TX,48
48487,"Wilbarger",TX,48
48489,"Willacy",TX,48
48491,"Williamson",TX,48
48493,"Wilson",TX,48
48495,"Winkler",TX,48
48497,"Wise",TX,48
48499,"Wood",TX,48
48501,"Yoakum",TX,48
48503,"Young",TX,48
48505,"Zapata",TX,48
48507,"Zavala",TX,48
49001,"Beaver",UT,49
49003,"Box Elder",UT,49
49005,"Cache",UT,49
49007,"Carbon",UT,49
49009,"Daggett",UT,49
49011,"Davis",UT,49
49013,"Duchesne",UT,49
49015,"Emery",UT,49
49017,"Garfield",UT,49
49019,"Grand",UT,49
49021,"Iron",UT,49
49023,"Juab",UT,49
49025,"Kane",UT,49
49027,"Millard",UT,49
49029,"Morgan",UT,49
49031,"Piute",UT,49
49033,"Rich",UT,49
49035,"Salt Lake",UT,49
49037,"San Juan",UT,49
49039,"Sanpete",UT,49
49041,"Sevier",UT,49
49043,"Summit",UT,49
49045,"Tooele",UT,49
49047,"Uintah",UT,49
49049,"Utah",UT,49
49051,"Wasatch",UT,49
49053,"Washington",UT,49
49055,"Wayne",UT,49
49057,"Weber",UT,49
50001,"Addison",VT,50
50003,"Bennington",VT,50
50005,"Caledonia",VT,50
50007,"Chittenden",VT,50
50009,"Essex",VT,50
50011,"Franklin",VT,50
50013,"Grand Isle",VT,50
50015,"Lamoille",VT,50
50017,"Orange",VT,50
50019,"Orleans",VT,50
50021,"Rutland",VT,50
50023,"Washington",VT,50
50025,"Windham",VT,50
50027,"Windsor",VT,50
51001,"Accomack",VA,51
51003,"Albemarle",VA,51
51005,"Alleghany",VA,51
51007,"Amelia",VA,51
51009,"Amherst",VA,51
51011,"Appomattox",VA,51
51013,"Arlington",VA,51
51015,"Augusta",VA,51
51017,"Bath",VA,51
51019,"Bedford",VA,51
51021,"Bland",VA,51
51023,"Botetourt",VA,51
51025,"Brunswick",VA,51
51027,"Buchanan",VA,51
51029,"Buckingham",VA,51
51031,"Campbell",VA,51
51033,"Caroline",VA,51
51035,"Carroll",VA,51
51036,"Charles City",VA,51
51037,"Charlotte",VA,51
51041,"Chesterfield",VA,51
51043,"Clarke",VA,51
51045,"Craig",VA,51
51047,"Culpeper",VA,51
51049,"Cumberland",VA,51
51051,"Dickenson",VA,51
51053,"Dinwiddie",VA,51
51057,"Essex",VA,51
51059,"Fairfax",VA,51
51061,"Fauquier",VA,51
51063,"Floyd",VA,51
51065,"Fluvanna",VA,51
51067,"Franklin",VA,51
51069,"Frederick",VA,51
51071,"Giles",VA,51
51073,"Gloucester",VA,51
51075,"Goochland",VA,51
51077,"Grayson",VA,51
51079,"Greene",VA,51
51081,"Greensville",VA,51
51083,"Halifax",VA,51
51085,"Hanover",VA,51
51087,"Henrico",VA,51
51089,"Henry",VA,51
51091,"Highland",VA,51
51093,"Isle of Wight",VA,51
51095,"James City",VA,51
51097,"King and Queen",VA,51
51099,"King George",VA,51
51101,"King William",VA,51
51103,"Lancaster",VA,51
51105,"Lee",VA,51
51107,"Loudoun",VA,51
51109,"Louisa",VA,51
51111,"Lunenburg",VA,51
51113,"Madison",VA,51
51115,"Mathews",VA,51
51117,"Mecklenburg",VA,51
51119,"Middlesex",VA,51
51121,"Montgomery",VA,51
51125,"Nelson",VA,51
51127,"New Kent",VA,51
51131,"Northampton",VA,51
51133,"Northumberland",VA,51
51135,"Nottoway",VA,51
51137,"Orange",VA,51
51139,"Page",VA,51
51141,"Patrick",VA,51
51143,"Pittsylvania",VA,51
51145,"Powhatan",VA,51
51147,"Prince Edward",VA,51
51149,"Prince George",VA,51
51153,"Prince William",VA,51
51155,"Pulaski",VA,51
51157,"Rappahannock",VA,51
51159,"Richmond",VA,51
51161,"Roanoke",VA,51
51163,"Rockbridge",VA,51
51165,"Rockingham",VA,51
51167,"Russell",VA,51
51169,"Scott",VA,51
51171,"Shenandoah",VA,51
51173,"Smyth",VA,51
51175,"Southampton",VA,51
51177,"Spotsylvania",VA,51
51179,"Stafford",VA,51
51181,"Surry",VA,51
51183,"Sussex",VA,51
51185,"Tazewell",VA,51
51187,"Warren",VA,51
51191,"Washington",VA,51
51193,"Westmoreland",VA,51
51195,"Wise",VA,51
51197,"Wythe",VA,51
51199,"York",VA,51
51510,"Alexandria",VA,51
51520,"Bristol",VA,51
51530,"Buena Vista",VA,51
51540,"Charlottesville",VA,51
51550,"Chesapeake",VA,51
51570,"Colonial Heights",VA,51
51580,"Covington",VA,51
51590,"Danville",VA,51
51595,"Emporia",VA,51
51600,"Fairfax",VA,51
51610,"Falls Church",VA,51
51620,"Franklin",VA,51
51630,"Fredericksburg",VA,51
51640,"Galax",VA,51
51650,"Hampton",VA,51
51660,"Harrisonburg",VA,51
51670,"Hopewell",VA,51
51678,"Lexington",VA,51
51680,"Lynchburg",VA,51
51683,"Manassas",VA,51
51685,"Manassas Park",VA,51
51690,"Martinsville",VA,51
51700,"Newport News",VA,51
51710,"Norfolk",VA,51
51720,"Norton",VA,51
51730,"Petersburg",VA,51
51735,"Poquoson",VA,51
51740,"Portsmouth",VA,51
51750,"Radford",VA,51
51760,"Richmond",VA,51
51770,"Roanoke",VA,51
51775,"Salem",VA,51
51790,"Staunton",VA,51
51800,"Suffolk",VA,51
51810,"Virginia Beach",VA,51
51820,"Waynesboro",VA,51
51830,"Williamsburg",VA,51
51840,"Winchester",VA,51
53001,"Adams",WA,53
53003,"Asotin",WA,53
53005,"Benton",WA,53
53007,"Chelan",WA,53
53009,"Clallam",WA,53
53011,"Clark",WA,53
53013,"Columbia",WA,53
53015,"Cowlitz",WA,53
53017,"Douglas",WA,53
53019,"Ferry",WA,53
53021,"Franklin",WA,53
53023,"Garfield",WA,53
53025,"Grant",WA,53
53027,"Grays Harbor",WA,53
53029,"Island",WA,53
53031,"Jefferson",WA,53
53033,"King",WA,53
53035,"Kitsap",WA,53
53037,"Kittitas",WA,53
53039,"Klickitat",WA,53
53041,"Lewis",WA,53
53043,"Lincoln",WA,53
53045,"Mason",WA,53
53047,"Okanogan",WA,53
53049,"Pacific",WA,53
53051,"Pend Oreille",WA,53
53053,"Pierce",WA,53
53055,"San Juan",WA,53
53057,"Skagit",WA,53
53059,"Skamania",WA,53
53061,"Snohomish",WA,53
53063,"Spokane",WA,53
53065,"Stevens",WA,53
53067,"Thurston",WA,53
53069,"Wahkiakum",WA,53
53071,"Walla Walla",WA,53
53073,"Whatcom",WA,53
53075,"Whitman",WA,53
53077,"Yakima",WA,53
54001,"Barbour",WV,54
54003,"Berkeley",WV,54
54005,"Boone",WV,54
54007,"Braxton",WV,54
54009,"Brooke",WV,54
54011,"Cabell",WV,54
54013,"Calhoun",WV,54
54015,"Clay",WV,54
54017,"Doddridge",WV,54
54019,"Fayette",WV,54
54021,"Gilmer",WV,54
54023,"Grant",WV,54
54025,"Greenbrier",WV,54
54027,"Hampshire",WV,54
54029,"Hancock",WV,54
54031,"Hardy",WV,54
54033,"Harrison",WV,54
54035,"Jackson",WV,54
54037,"Jefferson",WV,54
54039,"Kanawha",WV,54
54041,"Lewis",WV,54
54043,"Lincoln",WV,54
54045,"Logan",WV,54
54047,"McDowell",WV,54
54049,"Marion",WV,54
54051,"Marshall",WV,54
54053,"Mason",WV,54
54055,"Mercer",WV,54
54057,"Mineral",WV,54
54059,"Mingo",WV,54
54061,"Monongalia",WV,54
54063,"Monroe",WV,54
54065,"Morgan",WV,54
54067,"Nicholas",WV,54
54069,"Ohio",WV,54
54071,"Pendleton",WV,54
54073,"Pleasants",WV,54
54075,"Pocahontas",WV,54
54077,"Preston",WV,54
54079,"Putnam",WV,54
54081,"Raleigh",WV,54
54083,"Randolph",WV,54
54085,"Ritchie",WV,54
54087,"Roane",WV,54
54089,"Summers",WV,54
54091,"Taylor",WV,54
54093,"Tucker",WV,54
54095,"Tyler",WV,54
54097,"Upshur",WV,54
54099,"Wayne",WV,54
54101,"Webster",WV,54
54103,"Wetzel",WV,54
54105,"Wirt",WV,54
54107,"Wood",WV,54
54109,"Wyoming",WV,54
55001,"Adams",WI,55
55003,"Ashland",WI,55
55005,"Barron",WI,55
55007,"Bayfield",WI,55
55009,"Brown",WI,55
55011,"Buffalo",WI,55
55013,"Burnett",WI,55
55015,"Calumet",WI,55
55017,"Chippewa",WI,55
55019,"Clark",WI,55
55021,"Columbia",WI,55
55023,"Crawford",WI,55
55025,"Dane",WI,55
55027,"Dodge",WI,55
55029,"Door",WI,55
55031,"Douglas",WI,55
55033,"Dunn",WI,55
55035,"Eau Claire",WI,55
55037,"Florence",WI,55
55039,"Fond du Lac",WI,55
55041,"Forest",WI,55
55043,"Grant",WI,55
55045,"Green",WI,55
55047,"Green Lake",WI,55
55049,"Iowa",WI,55
55051,"Iron",WI,55
55053,"Jackson",WI,55
55055,"Jefferson",WI,55
55057,"Juneau",WI,55
55059,"Kenosha",WI,55
55061,"Kewaunee",WI,55
55063,"La Crosse",WI,55
55065,"Lafayette",WI,55
55067,"Langlade",WI,55
55069,"Lincoln",WI,55
55071,"Manitowoc",WI,55
55073,"Marathon",WI,55
55075,"Marinette",WI,55
55077,"Marquette",WI,55
55078,"Menominee",WI,55
55079,"Milwaukee",WI,55
55081,"Monroe",WI,55
55083,"Oconto",WI,55
55085,"Oneida",WI,55
55087,"Outagamie",WI,55
55089,"Ozaukee",WI,55
55091,"Pepin",WI,55
55093,"Pierce",WI,55
55095,"Polk",WI,55
55097,"Portage",WI,55
55099,"Price",WI,55
55101,"Racine",WI,55
55103,"Richland",WI,55
55105,"Rock",WI,55
55107,"Rusk",WI,55
55109,"St. Croix",WI,55
55111,"Sauk",WI,55
55113,"Sawyer",WI,55
55115,"Shawano",WI,55
55117,"Sheboygan",WI,55
55119,"Taylor",WI,55
55121,"Trempealeau",WI,55
55123,"Vernon",WI,55
55125,"Vilas",WI,55
55127,"Walworth",WI,55
55129,"Washburn",WI,55
55131,"Washington",WI,55
55133,"Waukesha",WI,55
55135,"Waupaca",WI,55
55137,"Waushara",WI,55
55139,"Winnebago",WI,55
55141,"Wood",WI,55
56001,"Albany",WY,56
56003,"Big Horn",WY,56
56005,"Campbell",WY,56
56007,"Carbon",WY,56
56009,"Converse",WY,56
56011,"Crook",WY,56
56013,"Fremont",WY,56
56015,"Goshen",WY,56
56017,"Hot Springs",WY,56
56019,"Johnson",WY,56
56021,"Laramie",WY,56
56023,"Lincoln",WY,56
56025,"Natrona",WY,56
56027,"Niobrara",WY,56
56029,"Park",WY,56
56031,"Platte",WY,56
56033,"Sheridan",WY,56
56035,"Sublette",WY,56
56037,"Sweetwater",WY,56
56039,"Teton",WY,56
56041,"Uinta",WY,56
56043,"Washakie",WY,56
56045,"Weston",WY,56